Company ISIN,Company Name,Review Data
US3364331070,1st Solar,US3364331070.xlsx
CNE1000010N2,37 Interactive,CNE1000010N2.xlsx
US88579Y1010,3M do Brasil,US88579Y1010.xlsx
GB00B1YW4409,3i Group,GB00B1YW4409.xlsx
US0378331005,A is for Apple,US0378331005.xlsx
KYG2953R1149,AAC,KYG2953R1149.xlsx
CH0012221716,ABB,CH0012221716.xlsx
INE117A01022,ABB,INE117A01022.xlsx
NL0011540547,ABN AMRO,NL0011540547.xlsx
CNE100004ZD8,ACM Research,CNE100004ZD8.xlsx
AEA006101017,ADCO,AEA006101017.xlsx
SA55SG6H5716,ADES International Holding,SA55SG6H5716.xlsx
AEA007301012,ADNOC Group,AEA007301012.xlsx
AEE01195A234,ADNOC Group,AEE01195A234.xlsx
JP3388200002,AEON,JP3388200002.xlsx
JP3112000009,AGC,JP3112000009.xlsx
HK0000069689,AIA Group,HK0000069689.xlsx
IE00BF0L3536,AIB Merchant Services,IE00BF0L3536.xlsx
TH0268010Z03,AIS,TH0268010Z03.xlsx
JP3102000001,AISIN Group,JP3102000001.xlsx
FR0010220475,ALSTOM,FR0010220475.xlsx
US0079031078,AMD,US0079031078.xlsx
US0311001004,AMETEK Programmable Power,US0311001004.xlsx
US02665T3068,AMH,US02665T3068.xlsx
KYG040111059,ANTA,KYG040111059.xlsx
AU000000ANZ3,ANZ,AU000000ANZ3.xlsx
AU000000APA1,APA,AU000000APA1.xlsx
CNE100004C45,APT Research,CNE100004C45.xlsx
CA00208D4084,ARC Resources,CA00208D4084.xlsx
TW0003711008,ASE Global,TW0003711008.xlsx
JP3118000003,ASICS,JP3118000003.xlsx
NL0000334118,ASM,NL0000334118.xlsx
NL0010273215,ASML,NL0010273215.xlsx
TW0002357001,ASUS,TW0002357001.xlsx
AU000000ASX7,ASX,AU000000ASX7.xlsx
US00206R1023,AT&T,US00206R1023.xlsx
INE949L01017,AU Small Finance Bank,INE949L01017.xlsx
TW0002409000,AUO Crystal,TW0002409000.xlsx
FR0000120628,AXA,FR0000120628.xlsx
US00287Y1091,AbbVie,US00287Y1091.xlsx
US0028241000,Abbott,US0028241000.xlsx
ZAE000255915,Absa,ZAE000255915.xlsx
AEA000801018,Abu Dhabi Islamic Bank,AEA000801018.xlsx
CNE100000F87,Accelink Technologies,CNE100000F87.xlsx
IE00B4BNMY34,Accenture,IE00B4BNMY34.xlsx
ES0125220311,Acciona,ES0125220311.xlsx
FR0000120404,Accor,FR0000120404.xlsx
TW0002345006,Accton Technology,TW0002345006.xlsx
TW0002353000,Acer Group,TW0002353000.xlsx
SA15CGS10H12,Acwa Power,SA15CGS10H12.xlsx
INE423A01024,Adani Infra,INE423A01024.xlsx
INE742F01042,Adani Ports and Special Economic Zone Limited (APSEZ),INE742F01042.xlsx
INE814H01011,Adani Power,INE814H01011.xlsx
SE0014781795,Addtech,SE0014781795.xlsx
GB00B02J6398,Admiral Group,GB00B02J6398.xlsx
US00724F1012,Adobe,US00724F1012.xlsx
CNE100003MM9,Advanced Micro-Fabrication Equipment,CNE100003MM9.xlsx
TW0002395001,Advantech Technologies,TW0002395001.xlsx
JP3122400009,Advantest,JP3122400009.xlsx
NL0012969182,Adyen,NL0012969182.xlsx
BMG0112X1056,Aegon,BMG0112X1056.xlsx
US0010551028,Aflac Northern Ireland ,US0010551028.xlsx
US00846U1016,Agilent Technologies,US00846U1016.xlsx
CA0084741085,Agnico Eagle,CA0084741085.xlsx
CNE100000RJ0,Agricultural Bank of China,CNE100000RJ0.xlsx
CNE000001NN0,Air China,CNE000001NN0.xlsx
US0091581068,Air Products,US0091581068.xlsx
KYG014081064,AirTAC,KYG014081064.xlsx
US0090661010,Airbnb,US0090661010.xlsx
TH0765010Z08,Airports of Thailand,TH0765010Z08.xlsx
US6200763075,Airwave Solutions,US6200763075.xlsx
JP3119600009,Ajinomoto,JP3119600009.xlsx
US00971T1016,Akamai,US00971T1016.xlsx
TRAAKBNK91N6,Akbank,TRAAKBNK91N6.xlsx
NO0010345853,Aker BP,NO0010345853.xlsx
KYG0146B1032,Akeso Occupational Health.,KYG0146B1032.xlsx
NL0013267909,AkzoNobel,NL0013267909.xlsx
KW0EQ0100010,Al Ahli Bank of Kuwait,KW0EQ0100010.xlsx
SA15GG53GHH3,Al Elm Information Security Company,SA15GG53GHH3.xlsx
SA0007879055,Al Jazira Bank,SA0007879055.xlsx
SA0007879113,Al Rajhi Banking,SA0007879113.xlsx
ID1000111305,AlamTri,ID1000111305.xlsx
CA0115321089,Alamos Gold,CA0115321089.xlsx
US0130911037,Albertsons Companies,US0130911037.xlsx
KYG022421088,Alchip,KYG022421088.xlsx
AEA002001013,Aldar Holding,AEA002001013.xlsx
US0152711091,Alexandria Real Estate Equities,US0152711091.xlsx
SE0000695876,Alfa Laval,SE0000695876.xlsx
MXP000511016,Alfa SA,MXP000511016.xlsx
ID1000128705,Alfamart,ID1000128705.xlsx
KYG017191142,Alibaba Group,KYG017191142.xlsx
US0162551016,Align Technology,US0162551016.xlsx
SA122050HV19,Alinma Bank,SA122050HV19.xlsx
INE540L01014,Alkem Laboratories,INE540L01014.xlsx
IE00BFRT3W74,Allegion,IE00BFRT3W74.xlsx
LU2237380790,Allegro,LU2237380790.xlsx
US0188021085,Alliant Energy,US0188021085.xlsx
DE0008404005,Allianz,DE0008404005.xlsx
US0200021014,Allstate,US0200021014.xlsx
SA000A0ETHT1,Almarai,SA000A0ETHT1.xlsx
US02043Q1076,Alnylam,US02043Q1076.xlsx
US8716071076,Alpha Synopsys,US8716071076.xlsx
US02079K3059,Alphabet (GB),US02079K3059.xlsx
CA0213611001,AltaGas,CA0213611001.xlsx
KR7196170005,Alteogen,KR7196170005.xlsx
US02209S1033,Altria,US02209S1033.xlsx
CNE1000000T0,Aluminum Corporation of China,CNE1000000T0.xlsx
ES0109067019,Amadeus,ES0109067019.xlsx
US0231351067,Amazon,US0231351067.xlsx
MYL1015OO006,Ambank Group,MYL1015OO006.xlsx
BRABEVACNOR1,Ambev,BRABEVACNOR1.xlsx
INE079A01024,Ambuja Cements,INE079A01024.xlsx
JE00BJ1F3079,Amcor (GA),JE00BJ1F3079.xlsx
US0236081024,Ameren,US0236081024.xlsx
US0255371017,American Electric Power,US0255371017.xlsx
US0258161092,American Express Global Business Travel,US0258161092.xlsx
US0259321042,American Financial Group,US0259321042.xlsx
US0304201033,American Water,US0304201033.xlsx
AEE01135A222,Americana Restaurants,AEE01135A222.xlsx
US0311621009,Amgen,US0311621009.xlsx
ID1000191109,Amman Minera,ID1000191109.xlsx
KR7090430000,Amore Pacific,KR7090430000.xlsx
US0320951017,Amphenol Network Solutions,US0320951017.xlsx
FR0004125920,Amundi,FR0004125920.xlsx
MX01AM050019,América Móvil,MX01AM050019.xlsx
US0326541051,Analog Devices,US0326541051.xlsx
CNE0000014G0,Angel Yeast,CNE0000014G0.xlsx
GB00BTK05J60,Anglo American,GB00BTK05J60.xlsx
GB00BRXH2664,AngloGold Ashanti,GB00BRXH2664.xlsx
BE0974293251,Anheuser-Busch InBev,BE0974293251.xlsx
CNE0000019V8,Anhui Conch Cement,CNE0000019V8.xlsx
CNE1000047B9,Anker Innovations,CNE1000047B9.xlsx
US0357108390,Annaly Capital Management,US0357108390.xlsx
GB0000456144,Antofagasta,GB0000456144.xlsx
IE00BLP1HW54,Aon,IE00BLP1HW54.xlsx
US03769M1062,Apollo Global Management,US03769M1062.xlsx
INE702C01027,Apollo Tubes,INE702C01027.xlsx
US03831W1080,AppLovin,US03831W1080.xlsx
US0382221051,Applied Materials,US0382221051.xlsx
JE00BTDN8H13,Aptiv,JE00BTDN8H13.xlsx
SA0007879105,Arab National Bank,SA0007879105.xlsx
US2538681030,Arbor Realty Trust,US2538681030.xlsx
MX01AC100006,Arca Continental,MX01AC100006.xlsx
LU1598757687,ArcelorMittal Nippon Steel India,LU1598757687.xlsx
BMG0450A1053,Arch Capital,BMG0450A1053.xlsx
US03990B1017,Ares Management,US03990B1017.xlsx
US0404132054,Arista Networks,US0404132054.xlsx
AU000000ALL7,Aristocrat,AU000000ALL7.xlsx
FR0010313833,Arkema,FR0010313833.xlsx
JP3116000005,Asahi Kasei,JP3116000005.xlsx
JP3111200006,Asahi Kasei,JP3111200006.xlsx
INE208A01029,Ashok Leyland John Deere Construction Equipment,INE208A01029.xlsx
GB0000536739,Ashtead Group,GB0000536739.xlsx
TW0003017000,Asia Vital Components,TW0003017000.xlsx
INE021A01026,Asian Paints,INE021A01026.xlsx
ZAE000066692,Aspen Pharmacare,ZAE000066692.xlsx
GB0006731235,Associated British Foods,GB0006731235.xlsx
JP3942400007,Astellas,JP3942400007.xlsx
ID1000122807,Astra International,ID1000122807.xlsx
GB0009895292,AstraZeneca,GB0009895292.xlsx
INE006I01046,Astral Poly Technik,INE006I01046.xlsx
MXP001661018,Asur,MXP001661018.xlsx
PHY5764J1483,Ateneo de Manila University,PHY5764J1483.xlsx
SE0017486889,Atlas Copco,SE0017486889.xlsx
US0494681010,Atlassian,US0494681010.xlsx
US0495601058,Atmos Energy,US0495601058.xlsx
NZAIAE0002S6,Auckland International Airport,NZAIAE0002S6.xlsx
INE406A01037,Aurobindo Pharma,INE406A01037.xlsx
US0533321024,AutoZone,US0533321024.xlsx
US0527691069,Autodesk Authorized Training Center,US0527691069.xlsx
KYG066341028,Autohome,KYG066341028.xlsx
US0530151036,Automatic Data Processing Geauga County,US0530151036.xlsx
GB00BVYVFW23,Autotrader,GB00BVYVFW23.xlsx
US0534841012,AvalonBay Communities,US0534841012.xlsx
US05352A1007,Avantor,US05352A1007.xlsx
US0536111091,Avery Dennison,US0536111091.xlsx
CNE1000001Y8,AviChina,CNE1000001Y8.xlsx
GB00BPQY8M80,Aviva,GB00BPQY8M80.xlsx
CH0023405456,Avolta,CH0023405456.xlsx
MYL6888OO001,Axiata Group,MYL6888OO001.xlsx
INE238A01034,Axis Bank,INE238A01034.xlsx
US05464C1018,Axon,US05464C1018.xlsx
PHY0488F1004,Ayala Land,PHY0488F1004.xlsx
PHY0486V1154,Ayala Property Management Corporation,PHY0486V1154.xlsx
IL0011194789,Azrieli Group,IL0011194789.xlsx
BRB3SAACNOR6,B3,BRB3SAACNOR6.xlsx
GB0002634946,BAE Systems,GB0002634946.xlsx
JP3778630008,BANDAI NAMCO,JP3778630008.xlsx
DE000BASF111,BASF,DE000BASF111.xlsx
GB0002875804,BAT,GB0002875804.xlsx
BRBBSEACNOR5,BB Seguridade,BRBBSEACNOR5.xlsx
ES0113211835,BBVA,ES0113211835.xlsx
AU000000BHP4,BHP,AU000000BHP4.xlsx
CH0130293662,BKW,CH0130293662.xlsx
DE0005190003,BMW Group,DE0005190003.xlsx
FR0000131104,BNP Paribas Cardif,FR0000131104.xlsx
SG9999015267,BOC Aviation,SG9999015267.xlsx
CNE100003R64,BOC Group Life Assurance Company,CNE100003R64.xlsx
CNE0000016L5,BOE,CNE0000016L5.xlsx
IT0000066123,BPER Banca,IT0000066123.xlsx
US9100471096,BPP Holdings,US9100471096.xlsx
BRBRFSACNOR8,BRF,BRBRFSACNOR8.xlsx
INE118H01025,BSE,INE118H01025.xlsx
GB0030913577,BT Group,GB0030913577.xlsx
BRBPACACNOR7,BTG Pactual,BRBPACACNOR7.xlsx
CNE100001526,BYD,CNE100001526.xlsx
HK0285041858,BYD,HK0285041858.xlsx
INE917I01010,Bajaj Auto,INE917I01010.xlsx
INE296A01032,Bajaj Finance,INE296A01032.xlsx
INE918I01026,Bajaj Finserv Health,INE918I01026.xlsx
US05722G1004,Baker Hughes,US05722G1004.xlsx
INE787D01026,Balkrishna Boilers,INE787D01026.xlsx
US0584981064,Ball State University,US0584981064.xlsx
CH0012410517,Baloise Group,CH0012410517.xlsx
IT0005218380,Banco BPM,IT0005218380.xlsx
BRBBDCACNOR1,Banco Bradesco,BRBBDCACNOR1.xlsx
PHY077751022,Banco De Oro,PHY077751022.xlsx
ES0113860A34,Banco Sabadell,ES0113860A34.xlsx
CLP0939W1081,Banco de Chile,CLP0939W1081.xlsx
CLP321331116,Banco de Crédito e Inversiones,CLP321331116.xlsx
TH0264A10Z04,Bangkok Dusit Medical Services,TH0264A10Z04.xlsx
SA000A0D9HK3,Bank Albilad,SA000A0D9HK3.xlsx
ID1000109507,Bank Central Asia,ID1000109507.xlsx
IL0006625771,Bank Hapoalim,IL0006625771.xlsx
IL0006046119,Bank Leumi le-Israel,IL0006046119.xlsx
ID1000095003,Bank Mandiri,ID1000095003.xlsx
PLBIG0000016,Bank Millennium,PLBIG0000016.xlsx
ID1000096605,Bank Negara Indonesia,ID1000096605.xlsx
CNE100002G76,Bank Of Jiangsu,CNE100002G76.xlsx
PLPEKAO00016,Bank Pekao SA,PLPEKAO00016.xlsx
ID1000118201,Bank Rakyat,ID1000118201.xlsx
US0605051046,Bank of America Merchant Services,US0605051046.xlsx
INE028A01039,Bank of Baroda,INE028A01039.xlsx
CNE100000734,Bank of Beijing,CNE100000734.xlsx
CNE100003F50,Bank of Changsha,CNE100003F50.xlsx
CNE100002SN6,Bank of Chengdu,CNE100002SN6.xlsx
CNE1000017G1,Bank of China,CNE1000017G1.xlsx
CNE1000048J0,Bank of China,CNE1000048J0.xlsx
CNE000001N05,Bank of China,CNE000001N05.xlsx
CNE1000000S2,Bank of Communications,CNE1000000S2.xlsx
IE00BD1RP616,Bank of Ireland,IE00BD1RP616.xlsx
CNE1000005P7,Bank of Ningbo,CNE1000005P7.xlsx
CNE100003LQ2,Bank of Suzhou,CNE100003LQ2.xlsx
PHY0967S1694,Bank of the Philippine Islands,PHY0967S1694.xlsx
ES0113679I37,Bankinter,ES0113679I37.xlsx
MXP370711014,Banorte,MXP370711014.xlsx
SA0007879782,Banque Bemo Saudi Fransi,SA0007879782.xlsx
CA6330671034,Banque Nationale du Canada/National Bank of Canada,CA6330671034.xlsx
CNE000000C66,Baosight,CNE000000C66.xlsx
GB0031348658,Barclays,GB0031348658.xlsx
GB0000811801,Barratt Redrow,GB0000811801.xlsx
CA06849F1080,Barrick Mining,CA06849F1080.xlsx
CH0009002962,Barry Callebaut,CH0009002962.xlsx
QA000A0KD6J5,Barwa,QA000A0KD6J5.xlsx
US0718131099,Baxter Regional Medical Center,US0718131099.xlsx
DE000BAY0017,Bayer,DE000BAY0017.xlsx
DE0005200000,Beiersdorf,DE0005200000.xlsx
SE0015949748,Beijer Ref,SE0015949748.xlsx
HK0392044647,Beijing Enterprises,HK0392044647.xlsx
BMG0957L1090,Beijing Enterprises Water Group,BMG0957L1090.xlsx
CNE100001617,Beijing Heping Media,CNE100001617.xlsx
CNE100001YF2,Beijing Kunlun,CNE100001YF2.xlsx
CNE100000CS3,Beijing Oriental Yuhong Waterproof Technology,CNE100000CS3.xlsx
CNE000000R69,Beijing Tongrentang,CNE000000R69.xlsx
US2441991054,Bennett Tueller Johnson & Deere,US2441991054.xlsx
US0846707026,Berkshire Hathaway HomeServices,US0846707026.xlsx
US0865161014,Best Buy,US0865161014.xlsx
CA05534B7604,Best Buy Express,CA05534B7604.xlsx
CNE100005XM1,Bestechnic,CNE100005XM1.xlsx
INE263A01024,Bharat Electronics,INE263A01024.xlsx
INE257A01026,Bharat Heavy Electricals,INE257A01026.xlsx
INE029A01011,Bharat Petroleum,INE029A01011.xlsx
INE397D01024,Bharti Airtel,INE397D01024.xlsx
ZAE000216537,Bid,ZAE000216537.xlsx
ZAE000117321,Bidvest,ZAE000117321.xlsx
KYG1098A1013,Bilibili,KYG1098A1013.xlsx
US09061G1013,BioMarin Pharmaceutical,US09061G1013.xlsx
US09062X1037,Biogen,US09062X1037.xlsx
US58155Q1031,Biologics by McKesson,US58155Q1031.xlsx
US09290D1019,Blackrock Neurotech,US09290D1019.xlsx
US09260D1072,Blackstone Products,US09260D1072.xlsx
US8522341036,Block,US8522341036.xlsx
AU000000BSL0,BlueScope,AU000000BSL0.xlsx
FR0000039299,Bolloré,FR0000039299.xlsx
US09857L1089,Booking Holdings,US09857L1089.xlsx
US0995021062,Booz Allen Hamilton,US0995021062.xlsx
KYG126521064,Bosideng,KYG126521064.xlsx
US1011371077,Boston Scientific,US1011371077.xlsx
KW0EQ0102065,Boubyan Bank,KW0EQ0102065.xlsx
FR0000120503,Bouygues Immobilier,FR0000120503.xlsx
AU000000BXB1,Brambles Café,AU000000BXB1.xlsx
BRBBASACNOR3,Brasil Brokers,BRBBASACNOR3.xlsx
DE000A1DAHH0,Brenntag,DE000A1DAHH0.xlsx
JP3830800003,Bridgestone Global,JP3830800003.xlsx
CNE000001QZ7,Bridgestone Industrial Products,CNE000001QZ7.xlsx
US1101221083,Bristol Myers Squibb,US1101221083.xlsx
INE216A01030,Britannia Industries Limited,INE216A01030.xlsx
US11133T1034,Broadridge,US11133T1034.xlsx
CA1130041058,Brookfield,CA1130041058.xlsx
CA11271J1075,Brookfield Renewable,CA11271J1075.xlsx
CA11285B1085,Brookfield Renewable,CA11285B1085.xlsx
US1152361010,Brown,US1152361010.xlsx
US1156372096,Brown-Forman,US1156372096.xlsx
BE0003797140,Bruxelles Lambert,BE0003797140.xlsx
PLBUDMX00013,Budimex,PLBUDMX00013.xlsx
US12008R1077,Builders FirstSource,US12008R1077.xlsx
TH0168A10Z01,Bumrungrad International Hospital,TH0168A10Z01.xlsx
CH1300646267,Bunge,CH1300646267.xlsx
GB00B0744B38,Bunzl,GB00B0744B38.xlsx
SA1210540914,Bupa,SA1210540914.xlsx
FR0006174348,Bureau Veritas,FR0006174348.xlsx
US1258961002,Burlington Stores,US1258961002.xlsx
US1220171060,Burlington Stores,US1220171060.xlsx
US1255231003,Burlington Stores,US1255231003.xlsx
TREBIMM00018,BİM Birleşik Mağazalar,TREBIMM00018.xlsx
US12541W2098,C.H. Robinson,US12541W2098.xlsx
CA1247651088,CAE,CA1247651088.xlsx
US1468691027,CARVANA,US1468691027.xlsx
US12504L1098,CBRE,US12504L1098.xlsx
PLCCC0000016,CCC Group,PLCCC0000016.xlsx
CA1249003098,CCL Industries,CA1249003098.xlsx
PLOPTTC00011,CD PROJEKT RED,PLOPTTC00011.xlsx
US12514G1085,CDW,US12514G1085.xlsx
MXP225611567,CEMEX,MXP225611567.xlsx
CZ0005112300,CEZ,CZ0005112300.xlsx
US1252691001,CF Industries,US1252691001.xlsx
INE067A01029,CG Power and Industrial Solutions,INE067A01029.xlsx
CA12532H1047,CGI,CA12532H1047.xlsx
CNE100003N43,CGN Global,CNE100003N43.xlsx
COTK7PA00010,CIBEST,COTK7PA00010.xlsx
MYL1023OO000,CIMB Group,MYL1023OO000.xlsx
CNE000001DB6,CITIC Group,CNE000001DB6.xlsx
CNE0000008J6,CITIC Group,CNE0000008J6.xlsx
KR7097950000,CJ Group,KR7097950000.xlsx
KYG2177B1014,CK Asset,KYG2177B1014.xlsx
KYG217651051,CK Hutchison Holdings,KYG217651051.xlsx
HK0002007356,CLP Holdings,HK0002007356.xlsx
US12572Q1058,CME Group,US12572Q1058.xlsx
CNE100001NR0,CMOC Brasil,CNE100001NR0.xlsx
CL0000001314,CMPC,CL0000001314.xlsx
CA1363751027,CN,CA1363751027.xlsx
CNE1000049X9,CNGR Advanced Material,CNE1000049X9.xlsx
NL0010545661,CNH Industrial,NL0010545661.xlsx
CNE100003L78,CNOOC SES,CNE100003L78.xlsx
JP3305990008,CONCORDIA,JP3305990008.xlsx
BRCPLEACNOR8,COPEL,BRCPLEACNOR8.xlsx
CNE000001BD6,COSCO Shipping,CNE000001BD6.xlsx
CNE100000601,COSCO Shipping,CNE100000601.xlsx
TH0737010Y08,CP ALL,TH0737010Y08.xlsx
THC450010002,CP Axtra Public Company,THC450010002.xlsx
BRCPFEACNOR0,CPFL Energia,BRCPFEACNOR0.xlsx
CA13646K1084,CPKC,CA13646K1084.xlsx
IE0001827041,CRH,IE0001827041.xlsx
CNE100000CP9,CRRC Tangshan,CNE100000CP9.xlsx
AU000000CSL8,CSL,AU000000CSL8.xlsx
HK1093012172,CSPC Pharmaceutical Group,HK1093012172.xlsx
US1264081035,CSX,US1264081035.xlsx
US1266501006,CVS,US1266501006.xlsx
US1273871087,Cadence,US1273871087.xlsx
CNE100002V44,Caitong Securities,CNE100002V44.xlsx
ES0140609019,CaixaBank,ES0140609019.xlsx
CNE1000041R8,Cambricon,CNE1000041R8.xlsx
US1331311027,Camden Property Trust,US1331311027.xlsx
CA13321L1085,Cameco,CA13321L1085.xlsx
NL0015435975,Campari Group,NL0015435975.xlsx
CA1363851017,Canadian Natural,CA1363851017.xlsx
CA1366812024,Canadian Tire,CA1366812024.xlsx
CA1367178326,Canadian Utilities,CA1367178326.xlsx
INE476A01022,Canara Bank,INE476A01022.xlsx
JP3242800005,Canon,JP3242800005.xlsx
JP3218900003,Capcom,JP3218900003.xlsx
FR0000125338,Capgemini Invent,FR0000125338.xlsx
SGXE62145532,CapitaLand,SGXE62145532.xlsx
ZAE000035861,Capitec Bank,ZAE000035861.xlsx
US1423391002,Carlisle Companies,US1423391002.xlsx
INE020B01018,Carmel Clay Parks & Rec,INE020B01018.xlsx
PA1436583006,Carnival Support Services India,PA1436583006.xlsx
FR0000120172,Carrefour,FR0000120172.xlsx
US14448C1045,Carrier,US14448C1045.xlsx
CA82509L1076,Carson Shopify,CA82509L1076.xlsx
TW0002474004,Catcher Technology,TW0002474004.xlsx
TW0002882008,Cathay Financial Holding,TW0002882008.xlsx
US12503M1080,Cboe,US12503M1080.xlsx
MYL6947OO005,Celcom,MYL6947OO005.xlsx
CA15101Q2071,Celestica,CA15101Q2071.xlsx
ES0105066007,Cellnex Telecom,ES0105066007.xlsx
KR7068270008,Celltrion,KR7068270008.xlsx
US03073E1055,CenCore,US03073E1055.xlsx
CL0000000100,Cencosud,CL0000000100.xlsx
CA15135U1093,Cenovus,CA15135U1093.xlsx
US15135B1017,Centene,US15135B1017.xlsx
US15189T1079,CenterPoint Energy,US15189T1079.xlsx
BRELETACNOR6,Centra Health,BRELETACNOR6.xlsx
JP3566800003,Central Japan Railway,JP3566800003.xlsx
TH0481B10Z00,Central Pattana,TH0481B10Z00.xlsx
GB00B033F229,Centrica,GB00B033F229.xlsx
KYG202881093,Chailease Holding,KYG202881093.xlsx
ID1000090301,Chandra Asri Petrochemical (CAP),ID1000090301.xlsx
TW0002801008,Chang Hwa Bank,TW0002801008.xlsx
CNE0000007J8,Changchun Gas,CNE0000007J8.xlsx
CNE000000GJ4,Changhong Electric,CNE000000GJ4.xlsx
CNE000000SH3,Changjiang Securities,CNE000000SH3.xlsx
CNE1000011H2,Changzhou Xingyu Automotive Lighting Systems,CNE1000011H2.xlsx
CNE100001Y42,Chaozhou Three Circle(Group),CNE100001Y42.xlsx
US8085131055,Charles Schwab,US8085131055.xlsx
TH0101A10Z01,Charoen Pokphand Foods,TH0101A10Z01.xlsx
ID1000117708,Charoen Pokphand Indonesia,ID1000117708.xlsx
US16119P1084,Charter Communications,US16119P1084.xlsx
US46625H1005,Chase,US46625H1005.xlsx
IL0010824113,Check Point Software Technologies,IL0010824113.xlsx
MX01CH170002,Chedraui,MX01CH170002.xlsx
US16411R2085,Cheniere Energy,US16411R2085.xlsx
BMG2178K1009,Cheung Kong Infrastructure,BMG2178K1009.xlsx
US1667641005,Chevron,US1667641005.xlsx
JP3511800009,Chiba Bank,JP3511800009.xlsx
TW0002610003,China Airlines,TW0002610003.xlsx
CNE1000002G3,China CITIC Bank,CNE1000002G3.xlsx
CNE1000000R4,China CITIC Bank,CNE1000000R4.xlsx
CNE100000957,China Coal Energy,CNE100000957.xlsx
CNE100000742,China Construction Bank,CNE100000742.xlsx
CNE000000TR0,China Eastern Airlines,CNE000000TR0.xlsx
CNE100004QL0,China Energy Engineering,CNE100004QL0.xlsx
CNE100000SL4,China Everbright Bank,CNE100000SL4.xlsx
BMG2109G1033,China Gas Holdings,BMG2109G1033.xlsx
CNE000001Q93,China Life Insurance,CNE000001Q93.xlsx
KYG2121R1039,China Literature,KYG2121R1039.xlsx
KYG210961051,China Mengniu Dairy,KYG210961051.xlsx
CNE100000HK9,China Merchant Securities,CNE100000HK9.xlsx
CNE000001PQ8,China Merchants,CNE000001PQ8.xlsx
HK0144000764,China Merchants,HK0144000764.xlsx
CNE000001B33,China Merchants Bank,CNE000001B33.xlsx
CNE100002FC6,China Merchants Shekou Industrial Zone Holdings,CNE100002FC6.xlsx
CNE0000015Y0,China Minsheng Banking,CNE0000015Y0.xlsx
CNE100000KC0,China National Chemical Engineering,CNE100000KC0.xlsx
CNE000001BB0,China National Software & Service,CNE000001BB0.xlsx
CNE100000759,China Oilfield Services,CNE100000759.xlsx
HK0688002218,China Overseas Land & Investment,HK0688002218.xlsx
CNE1000008M8,China Pacific Insurance,CNE1000008M8.xlsx
HK2380027329,China Power,HK2380027329.xlsx
CNE100000866,China Railway Group,CNE100000866.xlsx
KYG2122G1064,China Resources (Holdings),KYG2122G1064.xlsx
KYG2108Y1052,China Resources Land,KYG2108Y1052.xlsx
BMG2113B1081,China Resources Logic,BMG2113B1081.xlsx
HK0836012952,China Resources Power,HK0836012952.xlsx
CNE1000031T5,China Securities,CNE1000031T5.xlsx
CNE100000767,China Shenhua Energy,CNE100000767.xlsx
CNE000001FG0,China Southern Airlines,CNE000001FG0.xlsx
KYG216771363,China State Construction Development Holdings,KYG216771363.xlsx
CNE000000W05,China State Shipbuilding,CNE000000W05.xlsx
TW0002002003,China Steel Machinery Corporation,TW0002002003.xlsx
HK0000055878,China Taiping Insurance Group,HK0000055878.xlsx
CNE100006V65,China Tower,CNE100006V65.xlsx
HK2388011192,China Travel Hong Kong,HK2388011192.xlsx
CNE0000000T2,China Vanke,CNE0000000T2.xlsx
CNE100000KW8,China XD Group,CNE100000KW8.xlsx
CNE000001G87,China Yangtze Power,CNE000001G87.xlsx
CNE100003PS9,China Zheshang Bank,CNE100003PS9.xlsx
TW0002891009,Chinatrust Financial Holding,TW0002891009.xlsx
US1696561059,Chipotle,US1696561059.xlsx
INE121A01024,Cholamandalam,INE121A01024.xlsx
CNE000000R36,Chongqing Changan Automobile,CNE000000R36.xlsx
CNE100003NZ9,Chongqing Rural Commercial Bank,CNE100003NZ9.xlsx
KYG211461085,Chow Tai Fook Jewellery,KYG211461085.xlsx
CH0044328745,Chubb Fire & Security,CH0044328745.xlsx
JP3526600006,Chubu Electric Power,JP3526600006.xlsx
JP3519400000,Chugai Pharmaceutical,JP3519400000.xlsx
TW0002412004,Chunghwa Telecom,TW0002412004.xlsx
US1713401024,Church & Dwight,US1713401024.xlsx
US1720621010,Cincinnati,US1720621010.xlsx
US1729081059,Cintas,US1729081059.xlsx
INE059A01026,Cipla,INE059A01026.xlsx
US17275R1023,Cisco Air Systems,US17275R1023.xlsx
US1729674242,Citi,US1729674242.xlsx
HK0267001375,Citic Bank International,HK0267001375.xlsx
US1746101054,Citizens,US1746101054.xlsx
ZAE000134854,Clicks Group,ZAE000134854.xlsx
US18915M1071,Cloudflare,US18915M1071.xlsx
CNE000000MS3,Cnpc,CNE000000MS3.xlsx
US22160N1090,CoStar Group,US22160N1090.xlsx
INE522F01014,Coal India,INE522F01014.xlsx
US1912161007,Coca Cola Andina,US1912161007.xlsx
GB00BDCPN049,Coca-Cola Europacific Partners,GB00BDCPN049.xlsx
CH0198251305,Coca-Cola HBC,CH0198251305.xlsx
TRECOLA00011,Coca-Cola İçecek,TRECOLA00011.xlsx
AU000000COH5,Cochlear,AU000000COH5.xlsx
US5949181045,Cognizant Microsoft Business Group,US5949181045.xlsx
US1924461023,Cognizant Technology Solutions,US1924461023.xlsx
US19260Q1076,Coinbase,US19260Q1076.xlsx
AU0000030678,Coles Group,AU0000030678.xlsx
INE259A01022,Colgate Palmolive India,INE259A01022.xlsx
US1941621039,Colgate-Palmolive,US1941621039.xlsx
DK0060448595,Coloplast,DK0060448595.xlsx
US20030N1019,Comcast,US20030N1019.xlsx
QA0007227752,Commercial Bank of Qatar,QA0007227752.xlsx
QA000A0KD6K3,Commercial Bank of Qatar,QA000A0KD6K3.xlsx
EGS60121C018,Commercial International Bank,EGS60121C018.xlsx
DE000CBK1001,Commerzbank,DE000CBK1001.xlsx
AU000000CBA7,Commonwealth Bank of Australia,AU000000CBA7.xlsx
TW0002324001,Compal Electronics,TW0002324001.xlsx
GB00BD6K4575,Compass Group,GB00BD6K4575.xlsx
AU000000CPU5,Computershare,AU000000CPU5.xlsx
US2091151041,Con Edison,US2091151041.xlsx
US2058871029,Conagra Brands,US2058871029.xlsx
US20825C1045,ConocoPhillips,US20825C1045.xlsx
ES0177542018,Consolidated Nuclear Security,ES0177542018.xlsx
US21036P1084,Constellation Brands,US21036P1084.xlsx
US21037T1097,Constellation Energy,US21037T1097.xlsx
CA21037X1006,Constellation Software,CA21037X1006.xlsx
NZCENE0001S6,Contact Energy,NZCENE0001S6.xlsx
CNE100003662,Contemporary Amperex Technology,CNE100003662.xlsx
DE0005439004,Continental,DE0005439004.xlsx
SA000A0DPSH3,Coop,SA000A0DPSH3.xlsx
US2166485019,Cooper University Health Care,US2166485019.xlsx
US2172041061,Copart,US2172041061.xlsx
CLP7847L1080,Copec,CLP7847L1080.xlsx
US21871X1090,Corebridge Financial,US21871X1090.xlsx
US2193501051,Corning-Painted Post Area Schools,US2193501051.xlsx
INE169A01031,Coromandel,INE169A01031.xlsx
US2199481068,Corpay,US2199481068.xlsx
US22052L1044,Corteva Agriscience,US22052L1044.xlsx
US22160K1051,Costco Wholesale,US22160K1051.xlsx
US1270971039,Coterra Energy,US1270971039.xlsx
CA01626P1484,Couche-Tard,CA01626P1484.xlsx
DE000A40KY26,Covestro,DE000A40KY26.xlsx
FR0000064578,Covivio,FR0000064578.xlsx
BMG2519Y1084,Credicorp,BMG2519Y1084.xlsx
GB00BJFFLV09,Croda,GB00BJFFLV09.xlsx
US22788C1053,CrowdStrike,US22788C1053.xlsx
US2283681060,Crown,US2283681060.xlsx
US22822V1017,Crown Castle,US22822V1017.xlsx
FR0000045072,Crédit Agricole d'Ile de France,FR0000045072.xlsx
US2310211063,Cummins-Wagner,US2310211063.xlsx
IL0011334468,CyberArk,IL0011334468.xlsx
US89400J1079,D&B TransUnion ADC,US89400J1079.xlsx
BE0974259880,D'Ieteren,BE0974259880.xlsx
US23331A1097,D.R. Horton,US23331A1097.xlsx
KR7005830005,DB INSURANCE,KR7005830005.xlsx
SG1L01001701,DBS Bank,SG1L01001701.xlsx
JP3551500006,DENSO,JP3551500006.xlsx
US2533931026,DICK'S Sporting Goods,US2533931026.xlsx
CH0024608827,DKSH Holding,CH0024608827.xlsx
INE271C01023,DLF,INE271C01023.xlsx
NO0010161896,DNB,NO0010161896.xlsx
DK0060079531,DSV,DK0060079531.xlsx
US2333311072,DTE Energy,US2333311072.xlsx
US23918K1088,DaVita,US23918K1088.xlsx
INE016A01026,Dabur India Limited,INE016A01026.xlsx
JP3493800001,Dai Nippon Printing,JP3493800001.xlsx
JP3476480003,Dai-ichi Life Holdings,JP3476480003.xlsx
JP3497400006,Daifuku,JP3497400006.xlsx
JP3475350009,Daiichi Sankyo,JP3475350009.xlsx
JP3481800005,Daikin,JP3481800005.xlsx
DE000DTR0CK8,Daimler Truck AG,DE000DTR0CK8.xlsx
JP3486800000,Daito Trust Construction,JP3486800000.xlsx
JP3505000004,Daiwa House Industry,JP3505000004.xlsx
JP3502200003,Daiwa Securities Group,JP3502200003.xlsx
US2358511028,Danaher and Walsh Group,US2358511028.xlsx
FR0000120644,Danone,FR0000120644.xlsx
DK0010274414,Danske Bank,DK0010274414.xlsx
US2371941053,Darden,US2371941053.xlsx
FR0014004L86,Dassault Aviation,FR0014004L86.xlsx
FR0014003TT8,Dassault Systèmes,FR0014003TT8.xlsx
US23804L1035,Datadog,US23804L1035.xlsx
US2435371073,Deckers Brands,US2435371073.xlsx
US24703L2025,Dell Technologies,US24703L2025.xlsx
US2473617023,Delta Air Lines,US2473617023.xlsx
TW0002308004,Delta Electronics,TW0002308004.xlsx
TH0528A10Z06,Delta Electronics Thailand,TH0528A10Z06.xlsx
DK0060738599,Demant,DK0060738599.xlsx
JP3551520004,Dentsu,JP3551520004.xlsx
CNE1000033C7,Desay SV Automotive,CNE1000033C7.xlsx
CA2499061083,Descartes Systems,CA2499061083.xlsx
DE0005140008,Deutsche Bank,DE0005140008.xlsx
DE0005810055,Deutsche Börse Group,DE0005810055.xlsx
DE0005552004,Deutsche Post,DE0005552004.xlsx
DE0005557508,Deutsche Telekom,DE0005557508.xlsx
US25179M1036,Devon Energy,US25179M1036.xlsx
US2521311074,Dexcom,US2521311074.xlsx
IT0003492391,DiaSorin,IT0003492391.xlsx
GB0002374006,Diageo,GB0002374006.xlsx
US25278X1090,Diamondback Energy,US25278X1090.xlsx
PLDINPL00011,Dino Polska,PLDINPL00011.xlsx
JP3548600000,Disco,JP3548600000.xlsx
ZAE000022331,Discovery (South Africa),ZAE000022331.xlsx
INE361B01024,Divis,INE361B01024.xlsx
INE935N01020,Dixon Technology,INE935N01020.xlsx
US2561631068,Docusign,US2561631068.xlsx
US2566771059,Dollar General,US2566771059.xlsx
US2567461080,Dollar Tree,US2567461080.xlsx
CA25675T1075,Dollarama,CA25675T1075.xlsx
US25746U1097,Dominion Energy,US25746U1097.xlsx
US25754A2015,Domino's,US25754A2015.xlsx
CNE000000J28,Dongfang Electric,CNE000000J28.xlsx
CNE100002177,Dongxing Securities,CNE100002177.xlsx
US25809K1051,DoorDash,US25809K1051.xlsx
KR7241560002,Doosan,KR7241560002.xlsx
KR7034020008,Doosan,KR7034020008.xlsx
US2600031080,Dover Fueling Solutions,US2600031080.xlsx
US2605571031,Dow,US2605571031.xlsx
INE089A01031,Dr. Reddy's,INE089A01031.xlsx
SA1510P1UMH1,Dr. Sulaiman Al-Habib Medical Group,SA1510P1UMH1.xlsx
US26142V1052,DraftKings,US26142V1052.xlsx
US26614N1028,DuPont,US26614N1028.xlsx
AED000201015,Dubai Islamic Bank,AED000201015.xlsx
US26441C2044,Duke Energy,US26441C2044.xlsx
QA000B982PM1,Dukhan Bank,QA000B982PM1.xlsx
US2681501092,Dynatrace,US2681501092.xlsx
DE000ENAG999,E.ON,DE000ENAG999.xlsx
US35137L1052,E.S. Fox,US35137L1052.xlsx
TW0002884004,E.Sun,TW0002884004.xlsx
CNE1000031N8,ECOVACS Robotics,CNE1000031N8.xlsx
PTEDP0AM0009,EDP,PTEDP0AM0009.xlsx
BREMBRACNOR4,EMBRAER,BREMBRACNOR4.xlsx
US29084Q1004,EMCOR Group (UK),US29084Q1004.xlsx
CH0016440353,EMS-CHEMIE,CH0016440353.xlsx
JP3386450005,ENEOS Group,JP3386450005.xlsx
FR0010208488,ENGIE,FR0010208488.xlsx
BREGIEACNOR9,ENGIE,BREGIEACNOR9.xlsx
CNE000000DG7,ENN Group,CNE000000DG7.xlsx
KYG3066L1014,ENN Natural Gas,KYG3066L1014.xlsx
US26875P1012,EOG,US26875P1012.xlsx
US26884L1098,EQT Corporation,US26884L1098.xlsx
SE0012853455,EQT Group,SE0012853455.xlsx
TW0002618006,EVA Air,TW0002618006.xlsx
CNE100000GS4,EVE Energy,CNE100000GS4.xlsx
DE0005470306,EVENTIM,DE0005470306.xlsx
NL0012059018,EXOR,NL0012059018.xlsx
JP3783600004,East Japan Railway,JP3783600004.xlsx
EGS37091C013,Eastern Michigan University,EGS37091C013.xlsx
CNE100000MD4,Eastmoney Security,CNE100000MD4.xlsx
IE00B8KQN827,Eaton Alliance,IE00B8KQN827.xlsx
TW0001476000,Eclat Textile,TW0001476000.xlsx
US2788651006,Ecolab,US2788651006.xlsx
KR7247540008,Ecopro (South Korea),KR7247540008.xlsx
KR7086520004,Ecopro (South Korea),KR7086520004.xlsx
TRAEREGL91G3,Edemir,TRAEREGL91G3.xlsx
FR0010908533,Edenred,FR0010908533.xlsx
US2810201077,Edison International,US2810201077.xlsx
US28176E1082,Edwards Lifesciences,US28176E1082.xlsx
INE066A01021,Eicher Motors,INE066A01021.xlsx
CA0636711016,Eidos Montreal,CA0636711016.xlsx
FR0000130452,Eiffage Immobilier,FR0000130452.xlsx
IL0010811243,Elbit Systems,IL0010811243.xlsx
US2855121099,Electronic Arts,US2855121099.xlsx
CA2861812014,Element Fleet Management,CA2861812014.xlsx
US0367521038,Elevance Health,US0367521038.xlsx
US5324571083,Eli Lilly and Company,US5324571083.xlsx
BE0003822393,Elia,BE0003822393.xlsx
FI0009007884,Elisa Corporation,FI0009007884.xlsx
TW0002383007,Elite Material,TW0002383007.xlsx
AEE001901017,Emaar Properties,AEE001901017.xlsx
AEE000301011,Emaar Properties,AEE000301011.xlsx
CA2908761018,Emera,CA2908761018.xlsx
US2910111044,Emerson,US2910111044.xlsx
AEE000801010,Emirates NBD,AEE000801010.xlsx
CA2918434077,Empire (Canada),CA2918434077.xlsx
CNE100005GY1,Empyrean,CNE100005GY1.xlsx
CA29250N1050,Enbridge,CA29250N1050.xlsx
ES0130670112,Endesa S.A.,ES0130670112.xlsx
CL0002266774,Enel,CL0002266774.xlsx
IT0003128367,Enel X Way,IT0003128367.xlsx
BRENGIACNOR0,Energisa,BRENGIACNOR0.xlsx
HK0006000050,Energy Assets,HK0006000050.xlsx
BRENEVACNOR8,Eneva,BRENEVACNOR8.xlsx
IT0003132476,Eni Spa,IT0003132476.xlsx
IM00B5VQMV65,Entain,IM00B5VQMV65.xlsx
US29364G1031,Entergy,US29364G1031.xlsx
CNE100002615,Eoptolink Technology,CNE100002615.xlsx
SE0015658109,Epiroc,SE0015658109.xlsx
BREQTLACNOR0,Equatorial Marine Fuel Management Services,BREQTLACNOR0.xlsx
US2944291051,Equifax,US2944291051.xlsx
US29444U7000,Equinix,US29444U7000.xlsx
NO0010096985,Equinor,NO0010096985.xlsx
US29452E1010,Equitable,US29452E1010.xlsx
US29472R1086,Equity LifeStyle Properties,US29472R1086.xlsx
US29476L1070,Equity Residential,US29476L1070.xlsx
US29530P1021,Erie Insurance Group,US29530P1021.xlsx
DE000A2E4K43,Error reading file,DE000A2E4K43.xlsx
AT0000652011,Erste Group,AT0000652011.xlsx
US29670G1022,Essential Utilities,US29670G1022.xlsx
US2971781057,Essex Property Trust,US2971781057.xlsx
FR0000121667,EssilorLuxottica,FR0000121667.xlsx
SE0009922164,Essity,SE0009922164.xlsx
US5184391044,Estée Lauder UK,US5184391044.xlsx
INE758T01015,Eternal,INE758T01015.xlsx
SA000A0DM9P2,Etihad Atheeb Telecom,SA000A0DM9P2.xlsx
AEE000401019,Etisalat,AEE000401019.xlsx
FR0000121121,Eurazeo,FR0000121121.xlsx
GRS323003012,Eurobank SA,GRS323003012.xlsx
NL0006294274,Euronext Securities (Oslo),NL0006294274.xlsx
CNE100000FD8,Everbright Securities,CNE100000FD8.xlsx
BMG3223R1088,Everest Group,BMG3223R1088.xlsx
TW0002603008,Evergreen Marine,TW0002603008.xlsx
US30034W1062,Evergy,US30034W1062.xlsx
US30040W1080,Eversource Energy,US30040W1080.xlsx
SE0012673267,Evolution,SE0012673267.xlsx
AU000000EVN4,Evolution Mining,AU000000EVN4.xlsx
DE000EVNK013,Evonik,DE000EVNK013.xlsx
US30161N1019,Exelon PowerLabs,US30161N1019.xlsx
US1651677353,Expand Energy,US1651677353.xlsx
US30212P3038,Expedia Group,US30212P3038.xlsx
US3021301094,Expeditors,US3021301094.xlsx
GB00B19NLV48,Experian,GB00B19NLV48.xlsx
US30225T1025,Extra Space Storage,US30225T1025.xlsx
US30231G1022,ExxonMobil,US30231G1022.xlsx
US3156161024,F5,US3156161024.xlsx
JP3802400006,FANUC,JP3802400006.xlsx
FR0013451333,FDJ UNITED,FR0013451333.xlsx
US1912411089,FEMSA,US1912411089.xlsx
MXP320321211,FEMSA,MXP320321211.xlsx
US31620M1062,FIS,US31620M1062.xlsx
KR7021240007,FM Conway,KR7021240007.xlsx
CNE000001KK2,FOCUS (UK),CNE000001KK2.xlsx
JP3814000000,FUJIFILM,JP3814000000.xlsx
JP3811000003,FUJIKURA COMPOSITES (Japan),JP3811000003.xlsx
US3030751057,FactSet,US3030751057.xlsx
CA3039011026,Fairfax Financial Holdings,CA3039011026.xlsx
CLP3880F1085,Falabella,CLP3880F1085.xlsx
TW0004904008,Far EasTone,TW0004904008.xlsx
HK0000077468,Far East Horizon,HK0000077468.xlsx
JP3802300008,Fast Retailing,JP3802300008.xlsx
US9113121068,Fast UK Parcel,US9113121068.xlsx
US3119001044,Fastenal,US3119001044.xlsx
US31428X1063,FedEx Custom Critical,US31428X1063.xlsx
KYG2121Q1055,Feihe International,KYG2121Q1055.xlsx
TW0009910000,Feng Tay Enterprises,TW0009910000.xlsx
US31488V1070,Ferguson,US31488V1070.xlsx
NL0011585146,Ferrari (Italy),NL0011585146.xlsx
NL0015001FS8,Ferrovial,NL0015001FS8.xlsx
US31620R3030,Fidelity National Financial,US31620R3030.xlsx
IT0000072618,Fideuram Intesa Sanpaolo Private Banking,IT0000072618.xlsx
US3167731005,Fifth Third,US3167731005.xlsx
IT0000072170,FinecoBank,IT0000072170.xlsx
AEN000101016,First Abu Dhabi Bank,AEN000101016.xlsx
US31946M1036,First Citizens Bank,US31946M1036.xlsx
US3379321074,First Energy,US3379321074.xlsx
TW0002892007,First Financial Holding,TW0002892007.xlsx
CA3359341052,First Quantum Minerals,CA3359341052.xlsx
ZAE000066304,FirstRand,ZAE000066304.xlsx
CA33767E2024,FirstService,CA33767E2024.xlsx
US3377381088,Fiserv,US3377381088.xlsx
KYG4232C1087,Flatbush Haitian Center,KYG4232C1087.xlsx
IE00BWT6H894,Flutter Entertainment,IE00BWT6H894.xlsx
US3453708600,Ford Motor Company (UK),US3453708600.xlsx
TRAOTOSN91H6,Ford Otosan,TRAOTOSN91H6.xlsx
TW0001301000,Formosa Plastics,TW0001301000.xlsx
AU000000FMG4,Fortescue,AU000000FMG4.xlsx
US34959E1091,Fortinet,US34959E1091.xlsx
CA3495531079,Fortis,CA3495531079.xlsx
FI0009007132,Fortum,FI0009007132.xlsx
TW0001519007,Fortune Electric,TW0001519007.xlsx
HK0656038673,Fosun,HK0656038673.xlsx
CNE000000X38,Fosun,CNE000000X38.xlsx
CNE1000015Y8,Founder Securities,CNE1000015Y8.xlsx
CNE1000031P3,Foxconn Industrial Internet,CNE1000031P3.xlsx
CA3518581051,Franco-Nevada,CA3518581051.xlsx
US35671D8570,Freeport-McMoRan,US35671D8570.xlsx
DE0005785604,Fresenius,DE0005785604.xlsx
DE0005785802,Fresenius,DE0005785802.xlsx
TW0002881000,Fubon Financial,TW0002881000.xlsx
JP3820000002,Fuji Electric,JP3820000002.xlsx
JP3818000006,Fujitsu,JP3818000006.xlsx
US36118L1061,Futu,US36118L1061.xlsx
CNE000000230,Fuyao Group,CNE000000230.xlsx
CNE100003RK2,Fuzhou Rockchip,CNE100003RK2.xlsx
INE129A01019,GAIL,INE129A01019.xlsx
KYG3774X1088,GCL,KYG3774X1088.xlsx
US36266G1076,GE HealthCare,US36266G1076.xlsx
US36828A1016,GE Vernova,US36828A1016.xlsx
DE0006602006,GEA Group,DE0006602006.xlsx
FR0010040865,GECINA,FR0010040865.xlsx
CNE0000008L2,GF Securities,CNE0000008L2.xlsx
CA36168Q1046,GFL Environmental,CA36168Q1046.xlsx
INE776C01039,GMR Group,INE776C01039.xlsx
GB00BN7SWP63,GSK,GB00BN7SWP63.xlsx
HK0027032686,Galaxy Entertainment,HK0027032686.xlsx
CNE100002FG7,Galaxy Securities,CNE100002FG7.xlsx
CNE100004PM0,Galaxycore,CNE100004PM0.xlsx
CH1335392721,Galderma,CH1335392721.xlsx
US3635761097,Gallagher,US3635761097.xlsx
PTGAL0AM0009,Galp,PTGAL0AM0009.xlsx
MYL5398OO002,Gamuda,MYL5398OO002.xlsx
CNE100000SF6,GanfengLithium,CNE100000SF6.xlsx
CH0114405324,Garmin,CH0114405324.xlsx
US3666511072,Gartner,US3666511072.xlsx
CH0030170408,Geberit,CH0030170408.xlsx
HU0000123096,Gedeon Richter,HU0000123096.xlsx
KYG3777B1032,Geely Automobile,KYG3777B1032.xlsx
CNE100000KT4,Gem,CNE100000KT4.xlsx
US6687711084,Gen,US6687711084.xlsx
KYG3825B1059,GenScript,KYG3825B1059.xlsx
US3695501086,General Dynamics NASSCO,US3695501086.xlsx
US3703341046,General Mills Foodservice,US3703341046.xlsx
US37045V1008,General Motors (GM),US37045V1008.xlsx
IT0000062072,Generali,IT0000062072.xlsx
DK0010272202,Genmab,DK0010272202.xlsx
MYL3182OO002,Genting Plantations,MYL3182OO002.xlsx
SGXE21576413,Genting Singapore,SGXE21576413.xlsx
CA9611485090,George Weston,CA9611485090.xlsx
BRGGBRACNOR1,Gerdau,BRGGBRACNOR1.xlsx
FR0010533075,Getlink,FR0010533075.xlsx
TW0002376001,Giga-Byte Technology,TW0002376001.xlsx
CA3759161035,Gildan,CA3759161035.xlsx
US3755581036,Gilead Sciences,US3755581036.xlsx
CH0010645932,Givaudan,CH0010645932.xlsx
NO0010582521,Gjensidige Forsikring,NO0010582521.xlsx
JE00B4T3BW64,Glencore,JE00B4T3BW64.xlsx
US37940X1028,Global Payments,US37940X1028.xlsx
AU000000IAG3,Global Reach (Aus),AU000000IAG3.xlsx
TW0003443008,Global Unichip Corporation,TW0003443008.xlsx
TW0006488000,GlobalWafers,TW0006488000.xlsx
US3802371076,GoDaddy,US3802371076.xlsx
ID1000166903,GoTo Group,ID1000166903.xlsx
INE102D01028,Godrej Consumer Products,INE102D01028.xlsx
INE484J01027,Godrej Properties,INE484J01027.xlsx
CNE100000BP1,GoerTek,CNE100000BP1.xlsx
CNE1000010F8,Gold Fields,CNE1000010F8.xlsx
ZAE000018123,Gold Fields,ZAE000018123.xlsx
US38141G1040,Goldman Sachs,US38141G1040.xlsx
CNE1000008S5,Goldwind Global,CNE1000008S5.xlsx
CNE100003RL0,Goneo,CNE100003RL0.xlsx
CNE100002G84,Goodix,CNE100002G84.xlsx
AU000000GMG2,Goodman Group,AU000000GMG2.xlsx
CNE000001NY7,Gotion,CNE000001NY7.xlsx
KYG4124C1096,Grab,KYG4124C1096.xlsx
US3841091040,Graco Oilfield Services,US3841091040.xlsx
US3848021040,Grainger,US3848021040.xlsx
IN9047A01029,Grasim Industries,IN9047A01029.xlsx
CNE1000018V8,Great Wall Motor Company,CNE1000018V8.xlsx
CNE100003GD0,Great Wall Securities,CNE100003GD0.xlsx
CA39138C1068,Great-West Lifeco,CA39138C1068.xlsx
CNE0000001D4,Gree Electrical Appliances,CNE0000001D4.xlsx
ES0171996087,Grifols,ES0171996087.xlsx
FR0010340141,Groupe ADP,FR0010340141.xlsx
MXP4948K1056,Gruma,MXP4948K1056.xlsx
US94106L1098,Grundon Waste Management,US94106L1098.xlsx
ES0167050915,Grupo ACS,ES0167050915.xlsx
MX01OM000018,Grupo Aeroportuario del Centro Norte,MX01OM000018.xlsx
MXP495211262,Grupo Bimbo,MXP495211262.xlsx
MXP370841019,Grupo México,MXP370841019.xlsx
HK0270001396,Guangdong Investment,HK0270001396.xlsx
CNE100001NQ2,Guangzhou Automobile Group,CNE100001NQ2.xlsx
CNE000001733,Guangzhou Baiyunshan Pharmaceutical Holdings,CNE000001733.xlsx
CNE100001RG4,Guangzhou Tinci Materials Technology,CNE100001RG4.xlsx
KW0EQ0100028,Gulf Bank,KW0EQ0100028.xlsx
US4592001014,Gulf Business Machines,US4592001014.xlsx
THC903010013,Gulf Marketing Group,THC903010013.xlsx
CNE100001WS9,Guosen Securities,CNE100001WS9.xlsx
CNE000000QZ9,Guoyuan Securities,CNE000000QZ9.xlsx
KYG465871120,H World Group,KYG465871120.xlsx
SE0000106270,H&M,SE0000106270.xlsx
KR7042700005,HANMI Semiconductor,KR7042700005.xlsx
US40412C1018,HCA Healthcare UK,US40412C1018.xlsx
INE860A01027,HCL,INE860A01027.xlsx
KR7329180004,HD Hyundai Heavy Industries,KR7329180004.xlsx
KR7267250009,HD Hyundai Infracore,KR7267250009.xlsx
INE127D01025,HDFC Asset Management Company,INE127D01025.xlsx
INE040A01034,HDFC Bank,INE040A01034.xlsx
CNE000001303,HG Tech,CNE000001303.xlsx
JP3160400002,HI-Eisai Pharmaceutical,JP3160400002.xlsx
CNE0000016H3,HLA,CNE0000016H3.xlsx
KR7028300002,HLB Pharma,KR7028300002.xlsx
GB0005405286,HSBC,GB0005405286.xlsx
CNE000000M15,HUAYU Automotive Systems,CNE000000M15.xlsx
KR7352820005,HYBE,KR7352820005.xlsx
KYG4290A1013,HaiDiLao Hotpot,KYG4290A1013.xlsx
CNE000000CG9,Haier Group,CNE000000CG9.xlsx
CNE0000011C5,Hainan Nongken Investment Holding Group,CNE0000011C5.xlsx
GB00BMX86B70,Haleon,GB00BMX86B70.xlsx
US4062161017,Halliburton,US4062161017.xlsx
GB0004052071,Halma,GB0004052071.xlsx
KR7086790003,Hana Financial Group,KR7086790003.xlsx
HK0011000095,Hang Seng Bank,HK0011000095.xlsx
KR7161390000,Hankook Tire,KR7161390000.xlsx
JP3774200004,Hankyu Hanshin Holdings,JP3774200004.xlsx
DE0008402215,Hannover RE,DE0008402215.xlsx
KYG549581067,Hansoh Bio,KYG549581067.xlsx
KR7042660001,Hanwha Group,KR7042660001.xlsx
KR7012450003,Hanwha Group,KR7012450003.xlsx
KR7272210006,Hanwha Systems,KR7272210006.xlsx
ZAE000015228,Harmony Gold,ZAE000015228.xlsx
US0235865062,Haul,US0235865062.xlsx
INE176B01034,Havells India,INE176B01034.xlsx
INE795G01014,Hdfc,INE795G01014.xlsx
US42250P1030,Healthpeak Properties,US42250P1030.xlsx
US4228061093,Heico Construction Group ,US4228061093.xlsx
DE0006047004,Heidelberg Materials,DE0006047004.xlsx
NL0000008977,Heineken Holding,NL0000008977.xlsx
GRS260333000,Hellenic Telecommunications,GRS260333000.xlsx
CH0466642201,Helvetia Group,CH0466642201.xlsx
CNE0000012G4,Henan Guanghui Accounting Service,CNE0000012G4.xlsx
HK0012000102,Henderson Land Development,HK0012000102.xlsx
KYG4402L1510,Hengan,KYG4402L1510.xlsx
CNE0000018V0,Hengli Petrochemical,CNE0000018V0.xlsx
CNE000001FQ9,Hengtong Group,CNE000001FQ9.xlsx
DE0006048408,Henkel,DE0006048408.xlsx
FR0000052292,Hermès,FR0000052292.xlsx
INE158A01026,Hero MotoCorp,INE158A01026.xlsx
US4278661081,Hershey Entertainment & Resorts,US4278661081.xlsx
US40434L1052,Hewlett Packard Enterprise | HPE,US40434L1052.xlsx
SE0015961909,Hexagon Purus,SE0015961909.xlsx
JP3783420007,Hikari Tsushin,JP3783420007.xlsx
GB00B0LCW083,Hikma,GB00B0LCW083.xlsx
US43300A2033,Hilton,US43300A2033.xlsx
INE038A01020,Hindalco,INE038A01020.xlsx
INE066F01020,Hindustan Aeronautics,INE066F01020.xlsx
INE094A01015,Hindustan Petroleum,INE094A01015.xlsx
INE030A01027,Hindustan Unilever,INE030A01027.xlsx
CNE100000JG3,Hithink RoyalFlush Information Network,CNE100000JG3.xlsx
CH0012214059,Holcim,CH0012214059.xlsx
US4364401012,Hologic,US4364401012.xlsx
TH0661010007,HomePro,TH0661010007.xlsx
JP3854600008,Honda,JP3854600008.xlsx
US4385161066,Honeywell,US4385161066.xlsx
HK0388045442,Hong Kong Exchanges,HK0388045442.xlsx
MYL5819OO007,Hong Leong Bank,MYL5819OO007.xlsx
BMG4587L1090,Hongkong Land,BMG4587L1090.xlsx
US4404521001,Hormel,US4404521001.xlsx
JP3845770001,Hoshizaki,JP3845770001.xlsx
TW0002207008,Hotai Motor,TW0002207008.xlsx
US4432011082,Howmet Aerospace,US4432011082.xlsx
JP3837800006,Hoya,JP3837800006.xlsx
TW0002880002,Hua Nan Financial Holdings,TW0002880002.xlsx
CNE000001LJ2,Huadian Power,CNE000001LJ2.xlsx
CNE000001998,Huaneng Power,CNE000001998.xlsx
CNE100006M82,Huaqin Telecom Technology,CNE100006M82.xlsx
CNE100000LQ8,Huatai Securities,CNE100000LQ8.xlsx
CNE000001FW7,Huaxia,CNE000001FW7.xlsx
CNE100001VW3,Huayou Cobalt,CNE100001VW3.xlsx
US4435731009,HubSpot,US4435731009.xlsx
US4435106079,Hubbell Realty,US4435106079.xlsx
US4448591028,Humana,US4448591028.xlsx
CNE000001GD5,Hundsun,CNE000001GD5.xlsx
US1491231015,Hungry Caterpillar Day Nurseries,US1491231015.xlsx
US4461501045,Huntington Bank,US4461501045.xlsx
US4485791028,Hyatt,US4485791028.xlsx
CA4488112083,Hydro One,CA4488112083.xlsx
KR7086280005,Hyundai Glovis,KR7086280005.xlsx
KR7012330007,Hyundai Mobis,KR7012330007.xlsx
KR7005380001,Hyundai Motor,KR7005380001.xlsx
INE0V6F01027,Hyundai Motor India,INE0V6F01027.xlsx
KR7064350002,Hyundai Rotem,KR7064350002.xlsx
INE090A01021,ICICI Bank,INE090A01021.xlsx
INE765G01017,ICICI Lombard General Insurance Company Limited,INE765G01017.xlsx
INE726G01019,ICICI Prudential Life Insurance,INE726G01019.xlsx
CNE100005VG7,ICICI Securities,CNE100005VG7.xlsx
IL0002810146,ICL Group,IL0002810146.xlsx
US45167R1041,IDEX Consulting,US45167R1041.xlsx
US45168D1046,IDEXX Laboratories,US45168D1046.xlsx
INE092T01019,IDFC FIRST Bank,INE092T01019.xlsx
CA4495861060,IGM Financial,CA4495861060.xlsx
GB00BHJYC057,IHG Hotels and Resorts,GB00BHJYC057.xlsx
MYL5225OO007,IHH Healthcare,MYL5225OO007.xlsx
JP3134800006,IHI,JP3134800006.xlsx
NL0010801007,IMCD Group,NL0010801007.xlsx
NL0011821202,ING,NL0011821202.xlsx
TW0003481008,INNOLUX,TW0003481008.xlsx
JP3294460005,INPEX,JP3294460005.xlsx
MYL1961OO001,IOI Corporation,MYL1961OO001.xlsx
FR0010259150,IPSEN,FR0010259150.xlsx
US46266C1053,IQVIA,US46266C1053.xlsx
INE335Y01020,IRCTC,INE335Y01020.xlsx
COE15PA00026,ISA (Columbia),COE15PA00026.xlsx
INE154A01025,ITC,INE154A01025.xlsx
US4523081093,ITW Pro Brands,US4523081093.xlsx
ES0144580Y14,Iberdrola,ES0144580Y14.xlsx
JP3142500002,Idemitsu Kosan,JP3142500002.xlsx
US4523271090,Illumina,US4523271090.xlsx
GB0004544929,Imperial Brands,GB0004544929.xlsx
CA4530384086,Imperial Oil,CA4530384086.xlsx
ZAE000083648,Implats,ZAE000083648.xlsx
MXP370641013,Inbursa,MXP370641013.xlsx
US45337C1027,Incyte Diagnostics,US45337C1027.xlsx
INE242A01010,IndianOil Skytanking,INE242A01010.xlsx
ES0148396007,Inditex,ES0148396007.xlsx
ID1000116700,Indofood,ID1000116700.xlsx
ID1000057003,Indofood,ID1000057003.xlsx
INE121J01017,Indus Towers Limited,INE121J01017.xlsx
INE095A01012,IndusInd Bank,INE095A01012.xlsx
KR7024110009,Industrial Bank of Korea,KR7024110009.xlsx
CNE100000V95,Industrial Securities,CNE100000V95.xlsx
CNE000001P37,Industrial and Commercial Bank of China,CNE000001P37.xlsx
SE0001515552,Indutrade,SE0001515552.xlsx
DE0006231004,Infineon Technologies,DE0006231004.xlsx
INE663F01032,Info Edge,INE663F01032.xlsx
GB00BMJ6DW54,Informa,GB00BMJ6DW54.xlsx
INE009A01021,Infosys,INE009A01021.xlsx
US45687V1061,Ingersoll Rand,US45687V1061.xlsx
TW0008069006,Ink,TW0008069006.xlsx
CNE0000017H1,Inner Mongolia BaoTou Steel,CNE0000017H1.xlsx
KYG4818G1010,Innovent Biologics,KYG4818G1010.xlsx
CNE0000012M2,Inspur Electronic Information Industry,CNE0000012M2.xlsx
US45784P1012,Insulet Corporation,US45784P1012.xlsx
CA45823T1066,Intact,CA45823T1066.xlsx
US45841N1072,Interactive Brokers,US45841N1072.xlsx
US45866F1049,Intercontinental Exchange,US45866F1049.xlsx
INE646L01027,Interglobe Aviation,INE646L01027.xlsx
PHY411571011,"International Container Terminal Services, Inc.",PHY411571011.xlsx
TW0003293007,International Games System,TW0003293007.xlsx
US4601461035,International Paper,US4601461035.xlsx
GB0031638363,Intertek,GB0031638363.xlsx
US4612021034,Intuit Technologies,US4612021034.xlsx
US46120E6023,Intuitive,US46120E6023.xlsx
TW0002356003,Inventec,TW0002356003.xlsx
SE0015811963,Investor AB,SE0015811963.xlsx
US46187W1071,Invitation Homes,US46187W1071.xlsx
TRAISCTR91N2,Isbank,TRAISCTR91N2.xlsx
JP3137200006,Isuzu,JP3137200006.xlsx
BRITUBACNOR4,Itaú Unibanco (Itaú BBA e Rede),BRITUBACNOR4.xlsx
BRITSAACNOR0,Itaúsa,BRITSAACNOR0.xlsx
CA46579R1047,Ivanhoe Mines,CA46579R1047.xlsx
KYG4990A1040,J&T Express,KYG4990A1040.xlsx
US4456581077,J.B. Hunt Transport,US4456581077.xlsx
CNE100000SD1,JA Solar,CNE100000SD1.xlsx
CNE000001F05,JCET Group,CNE000001F05.xlsx
GB00BM8Q5M07,JD Group,GB00BM8Q5M07.xlsx
KYG5074A1004,JD Group,KYG5074A1004.xlsx
KYG5074S1012,JD Logistics,KYG5074S1012.xlsx
KYG8208B1014,JD.com,KYG8208B1014.xlsx
NL0014332678,JDE Peet’s,NL0014332678.xlsx
JP3386030005,JFE Holdings,JP3386030005.xlsx
US08265T2087,JN Bentley,US08265T2087.xlsx
INE121E01018,JSW Ispat Steel,INE121E01018.xlsx
INE019A01038,JSW Steel,INE019A01038.xlsx
JP3726800000,JTI - Japan Tobacco International,JP3726800000.xlsx
SA000A0MR864,Jabal Omar Development,SA000A0MR864.xlsx
US4663131039,Jabil,US4663131039.xlsx
US4262811015,Jack Henry & Associates,US4262811015.xlsx
US46982L1089,Jacobs,US46982L1089.xlsx
JP3705200008,Japan Airlines,JP3705200008.xlsx
JP3183200009,Japan Exchange Group,JP3183200009.xlsx
JP3946750001,Japan Post,JP3946750001.xlsx
JP3752900005,Japan Post,JP3752900005.xlsx
JP3233250004,Japan Post,JP3233250004.xlsx
BMG507361001,Jardine Matheson,BMG507361001.xlsx
SA000A0BLA62,Jarir Bookstore,SA000A0BLA62.xlsx
CNE0000014W7,Jiangsu Hengrui Medicine,CNE0000014W7.xlsx
CNE0000019P0,Jiangxi Copper,CNE0000019P0.xlsx
INE220G01021,Jindal Stainless,INE220G01021.xlsx
INE749A01030,Jindal Steel & Power,INE749A01030.xlsx
CNE100005R96,JinkoSolar,CNE100005R96.xlsx
INE758E01017,Jio,INE758E01017.xlsx
US79466L3024,Jobs in Salesforce,US79466L3024.xlsx
US4781601046,Johnson,US4781601046.xlsx
IE00BY7QL619,Johnson Controls,IE00BY7QL619.xlsx
JP3788600009,Johnson Controls–Hitachi Air Conditioning,JP3788600009.xlsx
PHY4466S1007,Jollibee,PHY4466S1007.xlsx
INE797F01020,Jubilant FoodWorks,INE797F01020.xlsx
CH0102484968,Julius Baer,CH0102484968.xlsx
GRS282183003,Jumbo,GRS282183003.xlsx
CNE100001ZY0,Juneyao Airlines,CNE100001ZY0.xlsx
US48203R1041,Juniper Networks,US48203R1041.xlsx
CNE000000YM1,"Jushi Group Co., Ltd",CNE000000YM1.xlsx
PTJMT0AE0001,Jéronimo Martins,PTJMT0AE0001.xlsx
TH0016010009,KASIKORNBANK,TH0016010009.xlsx
KR7105560007,KB Electronics,KR7105560007.xlsx
BE0003565737,KBC,BE0003565737.xlsx
JP3496400007,KDDI,JP3496400007.xlsx
KYG5223Y1089,KE Holdings,KYG5223Y1089.xlsx
PLKGHM000017,KGHM Polska Miedz,PLKGHM000017.xlsx
TW0002883006,KGI Securities,TW0002883006.xlsx
US48251W1045,KKR,US48251W1045.xlsx
US4824801009,KLA Laboratories,US4824801009.xlsx
FI0009013403,KONE,FI0009013403.xlsx
NL0000009082,KPN,NL0000009082.xlsx
KR7033780008,KT&G,KR7033780008.xlsx
JP3210200006,Kajima,JP3210200006.xlsx
KR7323410001,Kakao Bank,KR7323410001.xlsx
KR7035720002,Kakao Games,KR7035720002.xlsx
ID1000125107,Kalbe Farma,ID1000125107.xlsx
INE303R01014,Kalyan Jewellers ,INE303R01014.xlsx
JP3228600007,Kansai Electric,JP3228600007.xlsx
JP3205800000,Kao Corporation,JP3205800000.xlsx
JP3223800008,Kawasaki Kisen,JP3223800008.xlsx
US4878361082,Kellanova,US4878361082.xlsx
CNE100000PW7,Kelun Group,CNE100000PW7.xlsx
US49177J1025,Kenvue,US49177J1025.xlsx
SG1U68934629,Keppel Seghers,SG1U68934629.xlsx
FR0000121485,Kering,FR0000121485.xlsx
IE0004906560,Kerry,IE0004906560.xlsx
FI0009000202,Kesko,FI0009000202.xlsx
US49271V1008,Keurig Dr Pepper,US49271V1008.xlsx
JP3236200006,Keyence,JP3236200006.xlsx
CA4932711001,Keyera,CA4932711001.xlsx
US49338L1035,Keysight Technologies UK,US49338L1035.xlsx
KR7000270009,Kia Motors,KR7000270009.xlsx
JP3240400006,Kikkoman,JP3240400006.xlsx
US4943681035,Kimberly-Clark de México,US4943681035.xlsx
MXP606941179,Kimberly-Clark de México,MXP606941179.xlsx
US49446R1095,Kimco Realty,US49446R1095.xlsx
US49456B1017,Kinder Morgan,US49456B1017.xlsx
KYG525681477,Kingdee,KYG525681477.xlsx
GB0033195214,Kingfisher Foods,GB0033195214.xlsx
KYG5264Y1089,Kingsoft,KYG5264Y1089.xlsx
CNE100003PM2,Kingsoft,CNE100003PM2.xlsx
IE0004927939,Kingspan,IE0004927939.xlsx
CA4969024047,Kinross Gold,CA4969024047.xlsx
JP3258000003,Kirin Holdings Company,JP3258000003.xlsx
BRKLBNACNOR2,Klabin,BRKLBNACNOR2.xlsx
FR0000121964,Klépierre,FR0000121964.xlsx
US5486611073,Knight's Companies,US5486611073.xlsx
DE000KBX1006,Knorr-Bremse,DE000KBX1006.xlsx
JP3304200003,Komatsu,JP3304200003.xlsx
CZ0008019106,Komerční banka,CZ0008019106.xlsx
JP3300200007,Konami,JP3300200007.xlsx
NO0013536151,Kongsberg Gruppen,NO0013536151.xlsx
KR7047810007,Korea Aerospace Industries,KR7047810007.xlsx
KR7015760002,Korea Electric Power,KR7015760002.xlsx
KR7071050009,Korea Investment,KR7071050009.xlsx
KR7010130003,Korea Zinc,KR7010130003.xlsx
KR7003490000,Korean Air,KR7003490000.xlsx
INE237A01028,Kotak Mahindra Bank,INE237A01028.xlsx
TRAKCHOL91Q8,Koç,TRAKCHOL91Q8.xlsx
US5007541064,Kraft Heinz,US5007541064.xlsx
KR7259960003,Krafton,KR7259960003.xlsx
US5010441013,Kroger,US5010441013.xlsx
KYG532631028,Kuaishou Technology,KYG532631028.xlsx
MYL2445OO004,Kuala Lumpur Kepong,MYL2445OO004.xlsx
CNE1000018P0,Kuang-Chi Institute of Advanced Technology,CNE1000018P0.xlsx
JP3266400005,Kubota,JP3266400005.xlsx
CH0025238863,Kuehne+Nagel,CH0025238863.xlsx
BMG5320C1082,Kunlun International Financial,BMG5320C1082.xlsx
KW0EQ0100085,Kuwait Finance House,KW0EQ0100085.xlsx
JP3249600002,Kyocera Intelligence,JP3249600002.xlsx
JP3256000005,Kyowa Kirin,JP3256000005.xlsx
FR0000120321,L'Oréal,FR0000120321.xlsx
US5024311095,L3Harris,US5024311095.xlsx
CL0000000423,LATAM,CL0000000423.xlsx
CNE1000015M3,LB Group,CNE1000015M3.xlsx
DE000LEG1110,LEG Immobilien,DE000LEG1110.xlsx
CNE100001YW7,LENS (MI),CNE100001YW7.xlsx
KR7051910008,LG Chem,KR7051910008.xlsx
KR7003550001,LG Chem,KR7003550001.xlsx
KR7034220004,LG Display,KR7034220004.xlsx
KR7066570003,LG Electronics,KR7066570003.xlsx
KR7051900009,LG Group,KR7051900009.xlsx
KR7373220003,LG Group,KR7373220003.xlsx
KR7011070000,LG Innotek,KR7011070000.xlsx
KR7032640005,LG U+,KR7032640005.xlsx
US5018892084,LKQ Pick Your Part,US5018892084.xlsx
CNE100001FR6,LONGI,CNE100001FR6.xlsx
TW0003533006,LOTES,TW0003533006.xlsx
US50212V1008,LPL,US50212V1008.xlsx
PLLPP0000011,LPP,PLLPP0000011.xlsx
HK0992009065,LPS,HK0992009065.xlsx
KR7010120004,LS ELECTRIC,KR7010120004.xlsx
GB00B0SWJX34,LSEG (London Stock Exchange Group),GB00B0SWJX34.xlsx
INE214T01019,LTIMindtree,INE214T01019.xlsx
FR0000121014,LVMH,FR0000121014.xlsx
JP3933800009,LY (Japan),JP3933800009.xlsx
US5049221055,Labcorp,US5049221055.xlsx
US5128073062,Lam Research,US5128073062.xlsx
GB00BYW0PQ60,Landsec,GB00BYW0PQ60.xlsx
TW0003008009,Largan Precision,TW0003008009.xlsx
INE018A01030,Larsen & Toubro,INE018A01030.xlsx
US5178341070,Las Vegas Sands,US5178341070.xlsx
JP3979200007,Lasertec,JP3979200007.xlsx
GB0005603997,Legal & General Modular Homes,GB0005603997.xlsx
US52490G1022,Legend Biotech,US52490G1022.xlsx
FR0010307819,Legrand,FR0010307819.xlsx
US5253271028,Leidos,US5253271028.xlsx
US5260571048,Lennar,US5260571048.xlsx
US5261071071,Lennox International ( CA),US5261071071.xlsx
IT0003856405,Leonardo,IT0003856405.xlsx
KYG5479M1050,Li Auto,KYG5479M1050.xlsx
KYG5496K1242,Li Ning,KYG5496K1242.xlsx
CNE100000X77,LiaoNing Port Group,CNE100000X77.xlsx
US5312297550,Liberty,US5312297550.xlsx
IE000S9YS762,Linde,IE000S9YS762.xlsx
CH0010570767,Lindt & Sprüngli,CH0010570767.xlsx
CNE1000015L5,Lingyi iTech,CNE1000015L5.xlsx
HK0823032773,Link Reit,HK0823032773.xlsx
TW0002301009,Lite-On Technology,TW0002301009.xlsx
US6821891057,Lite-on Semiconductor,US6821891057.xlsx
US5380341090,Live Nation Entertainment,US5380341090.xlsx
GB0008706128,Lloyds Banking Group,GB0008706128.xlsx
CA5394811015,Loblaw Companies,CA5394811015.xlsx
BRRENTACNOR4,Localiza&Co,BRRENTACNOR4.xlsx
US5398301094,Lockheed Martin,US5398301094.xlsx
INE670K01029,Lodha,INE670K01029.xlsx
US5404241086,Loews Corporation,US5404241086.xlsx
CH0025751329,Logitech,CH0025751329.xlsx
KYG5635P1090,Longfor,KYG5635P1090.xlsx
CH0013841017,Lonza,CH0013841017.xlsx
BE0003604155,Lotus Bakeries,BE0003604155.xlsx
DE0008232125,Lufthansa Group,DE0008232125.xlsx
CA5503711080,Lundin Gold,CA5503711080.xlsx
CA5503721063,Lundin Mining,CA5503721063.xlsx
INE326A01037,Lupin,INE326A01037.xlsx
CNE000000GF2,Luzhou Laojiao,CNE000000GF2.xlsx
CNE100001V60,M&G Stationery,CNE100001V60.xlsx
GB00BKFB1C65,M&G plc,GB00BKFB1C65.xlsx
US55261F1049,M&T Bank,US55261F1049.xlsx
JP3435750009,M3 Corporation,JP3435750009.xlsx
US59522J1034,MAA,US59522J1034.xlsx
DK0010244508,MAERSK,DK0010244508.xlsx
US5745991068,MASCO UK Window Group,US5745991068.xlsx
CNE000000HP9,MEIHUA,CNE000000HP9.xlsx
MYL3816OO005,MISC,MYL3816OO005.xlsx
HK1208013172,MMG Management Consulting,HK1208013172.xlsx
HU0000153937,MOL Group,HU0000153937.xlsx
CZ0008040318,MONETA Money Bank,CZ0008040318.xlsx
MYL5296OO008,MR. DIY,MYL5296OO008.xlsx
INE883A01011,MRF Tyres,INE883A01011.xlsx
JP3890310000,MS&AD Insurance Group Holdings,JP3890310000.xlsx
ZAE000042164,MTN Group (South Africa),ZAE000042164.xlsx
HK0066009694,MTR,HK0066009694.xlsx
DE000A0D9PT0,MTU Aero Engines,DE000A0D9PT0.xlsx
KW0EQ0400725,Mabanee,KW0EQ0400725.xlsx
AU000000MQG1,Macquarie Technology Group,AU000000MQG1.xlsx
CA5592224011,Magna International,CA5592224011.xlsx
INE101A01026,Mahindra and Mahindra,INE101A01026.xlsx
JP3862400003,Makita,JP3862400003.xlsx
INE634S01028,Mankind Pharma,INE634S01028.xlsx
CA56501R1064,Manulife,CA56501R1064.xlsx
US56585A1025,Marathon Petroleum,US56585A1025.xlsx
INE196A01026,Marico Limited,INE196A01026.xlsx
US5705351048,Markel,US5705351048.xlsx
GB0031274896,Marks & Spencer,GB0031274896.xlsx
US5719032022,Marriott International,US5719032022.xlsx
US5732841060,Martin Marietta Materials,US5732841060.xlsx
JP3143600009,Marubeni-Itochu Steel,JP3143600009.xlsx
JP3877600001,Marubeni-Itochu Steel,JP3877600001.xlsx
INE585B01010,Maruti Suzuki,INE585B01010.xlsx
US5738741041,Marvell Technology,US5738741041.xlsx
QA000A0M8VM3,Masraf Al Rayan,QA000A0M8VM3.xlsx
US57636Q1040,Mastercard,US57636Q1040.xlsx
INE027H01010,Max Healthcare,INE027H01010.xlsx
MYL6012OO008,Maxis,MYL6012OO008.xlsx
MYL1155OO000,Maybank,MYL1155OO000.xlsx
SA123GA0ITH7,Ma’aden,SA123GA0ITH7.xlsx
US5797802064,McCormick,US5797802064.xlsx
US5801351017,McDonald's,US5801351017.xlsx
TW0002454006,MediaTek,TW0002454006.xlsx
AU000000MPL3,Medibank,AU000000MPL3.xlsx
IT0004776628,Mediolanum,IT0004776628.xlsx
IE00BTN1Y115,Medtronic,IE00BTN1Y115.xlsx
TW0002886009,Mega Financial,TW0002886009.xlsx
JP3918000005,Meiji,JP3918000005.xlsx
GB00BNGDN821,Melrose Industries,GB00BNGDN821.xlsx
US58733R1023,Mercado Livre,US58733R1023.xlsx
DE0007100000,Mercedes-Benz International,DE0007100000.xlsx
US58933Y1055,Merck,US58933Y1055.xlsx
DE0006599905,Merck KGaA,DE0006599905.xlsx
NZMELE0002S7,Meridian Energy,NZMELE0002S7.xlsx
KR7138040001,Meritz,KR7138040001.xlsx
US30303M1027,Meta,US30303M1027.xlsx
INE111A01025,Metal Container Corporation,INE111A01025.xlsx
GRS393503008,Metlen Εnergy & Metals,GRS393503008.xlsx
CA59162N1096,Metro,CA59162N1096.xlsx
PHY6028G1361,Metropolitan Bank and Trust,PHY6028G1361.xlsx
FI0009014575,Metso,FI0009014575.xlsx
US5926881054,Mettler-Toledo,US5926881054.xlsx
CNE100000F46,Miami-Dade State Attorney's Office,CNE100000F46.xlsx
FR001400AJ45,Michelin,FR001400AJ45.xlsx
TW0002377009,Micro-Star International,TW0002377009.xlsx
US5950171042,Microchip Computer Solutions,US5950171042.xlsx
US5951121038,Micron Technology,US5951121038.xlsx
CNE100001QQ5,Midea Group,CNE100001QQ5.xlsx
US0970231058,"Millennium Space Systems, A Boeing Company",US0970231058.xlsx
PEP612001003,Minas Buenaventura,PEP612001003.xlsx
JP3906000009,MinebeaMitsumi,JP3906000009.xlsx
KYG6180F1081,Miniso,KYG6180F1081.xlsx
SA13L050IE10,Ministry of Health Kingdom of Saudi Arabia,SA13L050IE10.xlsx
TH0128B10Z09,Minor International,TH0128B10Z09.xlsx
US4581401001,Mintel,US4581401001.xlsx
KR7006800007,Mirae Asset Securities,KR7006800007.xlsx
JP3902400005,Mitsubishi,JP3902400005.xlsx
JP3897700005,Mitsubishi,JP3897700005.xlsx
JP3898400001,Mitsubishi,JP3898400001.xlsx
JP3899600005,Mitsubishi Estate,JP3899600005.xlsx
JP3499800005,Mitsubishi HC Capital,JP3499800005.xlsx
KR7011790003,Mitsui Chemicals and SKC Polyurethanes,KR7011790003.xlsx
JP3893600001,Mitsui Fudosan,JP3893600001.xlsx
JP3893200000,Mitsui Fudosan,JP3893200000.xlsx
JP3362700001,Mitsui O.S.K. Lines,JP3362700001.xlsx
IL0006954379,Mizrahi Tefahot,IL0006954379.xlsx
JP3885780001,Mizuho Financial Group,JP3885780001.xlsx
US60871R2094,Molson Coors Beverage Company,US60871R2094.xlsx
IT0004965148,Moncler,IT0004965148.xlsx
US6092071058,Mondelēz International,US6092071058.xlsx
GB00BMWC6P49,Mondi Group,GB00BMWC6P49.xlsx
US60937P1066,MongoDB,US60937P1066.xlsx
US6098391054,Monolithic Power Systems,US6098391054.xlsx
US61174X1090,Monster Energy,US61174X1090.xlsx
CNE100003MN7,Montage Technology,CNE100003MN7.xlsx
US6174464486,Morgan Stanley,US6174464486.xlsx
SA12C051UH11,Mouwasat Medical Services,SA12C051UH11.xlsx
NO0003054108,Mowi,NO0003054108.xlsx
INE356A01018,Mphasis,INE356A01018.xlsx
DE0008430026,Munich Re,DE0008430026.xlsx
JP3914400001,Murata Manufacturing,JP3914400001.xlsx
INE414G01012,Muthoot Finance,INE414G01012.xlsx
AU000000NAB4,NAB - National Australia Bank,AU000000NAB4.xlsx
CNE000001G38,NARI Technology,CNE000001G38.xlsx
CNE100000ML7,NAURA,CNE100000ML7.xlsx
JP3733000008,NEC Corporation,JP3733000008.xlsx
JP3758190007,NEXON,JP3758190007.xlsx
GB0032089863,NEXT,GB0032089863.xlsx
KR7005940002,NH Investment & Securities,KR7005940002.xlsx
INE848E01016,NHPC,INE848E01016.xlsx
CNE000001J84,NHU,CNE000001J84.xlsx
IL0002730112,NICE Actimize,IL0002730112.xlsx
KYG6525F1028,NIO,KYG6525F1028.xlsx
INE584A01023,NMDC,INE584A01023.xlsx
NL0010773842,NN Group,NL0010773842.xlsx
US6293775085,NRG Energy,US6293775085.xlsx
INE733E01010,NTPC BHEL Power Projects,INE733E01010.xlsx
JP3165700000,NTT DATA,JP3165700000.xlsx
JP3735400008,NTT DoCoMo,JP3735400008.xlsx
US67066G1040,NVIDIA,US67066G1040.xlsx
US62944T1051,NVR,US62944T1051.xlsx
NL0009538784,NXP Semiconductors,NL0009538784.xlsx
SA15HG521213,Nahdi Medical Company,SA15HG521213.xlsx
CNE000000PC0,Nan,CNE000000PC0.xlsx
US90459E1064,Nan Shan Life Insurance,US90459E1064.xlsx
US47030M1062,Nan Shan Life Insurance,US47030M1062.xlsx
GRS015003007,Nan Shan Life Insurance,GRS015003007.xlsx
BRNTCOACNOR5,Nan Shan Life Insurance,BRNTCOACNOR5.xlsx
TW0001303006,Nan Ya Plastics,TW0001303006.xlsx
CNE1000031R9,Nanjing Securities,CNE1000031R9.xlsx
US6311031081,Nasdaq,US6311031081.xlsx
ZAE000325783,Naspers,ZAE000325783.xlsx
GB00BM8PJY71,NatWest Group,GB00BM8PJY71.xlsx
US6323071042,Natera,US6323071042.xlsx
GRS003003035,National Bank of Greece,GRS003003035.xlsx
GB00BDR05C01,National Grid ESO,GB00BDR05C01.xlsx
KR7035420009,Naver,KR7035420009.xlsx
ZAE000004875,Nedbank,ZAE000004875.xlsx
DE0006452907,Nemetschek Group,DE0006452907.xlsx
FI0009013296,Neste,FI0009013296.xlsx
INE239A01024,Nestlé,INE239A01024.xlsx
CH0038863350,Nestlé,CH0038863350.xlsx
US64110D1046,NetApp,US64110D1046.xlsx
KYG6427A1022,NetEase Games,KYG6427A1022.xlsx
US64110L1061,Netflix,US64110L1061.xlsx
US64125C1099,Neurocrine Biosciences,US64125C1099.xlsx
CNE1000019Y0,New China Life,CNE1000019Y0.xlsx
CNE000000VB0,New Hope Liuhe,CNE000000VB0.xlsx
KYG6470A1168,New Oriental,KYG6470A1168.xlsx
US6516391066,Newmont,US6516391066.xlsx
US65249B1098,News Corp,US65249B1098.xlsx
IT0005366767,Nexi Group,IT0005366767.xlsx
US65339F1012,"NextEra Energy, Inc.",US65339F1012.xlsx
US65473P1057,NiSource,US65473P1057.xlsx
SE0015988019,Nibe Industrier,SE0015988019.xlsx
JP3734800000,Nidec,JP3734800000.xlsx
TW0008464009,Nien Made Enterprise,TW0008464009.xlsx
US6541061031,Nike Consultants,US6541061031.xlsx
CNE1000007W9,Ninestar (China),CNE1000007W9.xlsx
CNE1000052S3,Ningbo Deye Inverter Technology,CNE1000052S3.xlsx
CNE100001567,Ningbo Sanxing Smart Electric,CNE100001567.xlsx
JP3756600007,Nintendo,JP3756600007.xlsx
JP3749400002,Nippon Paint,JP3749400002.xlsx
JP3381000003,Nippon Steel,JP3381000003.xlsx
JP3675600005,Nissin Foods,JP3675600005.xlsx
JP3756100008,Nitori Holdings,JP3756100008.xlsx
JP3684000007,Nitto Denko,JP3684000007.xlsx
FI0009000681,Nokia,FI0009000681.xlsx
JP3762600009,Nomura Holdings,JP3762600009.xlsx
JP3762800005,Nomura Research Institute,JP3762800005.xlsx
CNE100004272,Nongfu Spring,CNE100004272.xlsx
FI4000297767,Nordea Bank,FI4000297767.xlsx
US6556631025,Nordson,US6556631025.xlsx
US6558441084,Norfolk Southern,US6558441084.xlsx
NO0005052605,Norsk Hydro,NO0005052605.xlsx
US6658591044,Northern Education Trust,US6658591044.xlsx
AU000000NST8,Northern Star Resources,AU000000NST8.xlsx
US6668071029,Northrop Grumman Federal Credit Union,US6668071029.xlsx
CH0012005267,Novartis,CH0012005267.xlsx
TW0003034005,Novatek Microelectronics,TW0003034005.xlsx
DK0062498333,Novo Nordisk Fonden,DK0062498333.xlsx
DK0060336014,Novozymes,DK0060336014.xlsx
KYG6683N1034,Nu Republic,KYG6683N1034.xlsx
US6703461052,Nucor,US6703461052.xlsx
US67059N1081,Nutanix,US67059N1081.xlsx
DK0010181759,Ny Carlsberg Glyptotek,DK0010181759.xlsx
US67103H1077,O'Reilly Auto Parts,US67103H1077.xlsx
CNE100000S33,O-film,CNE100000S33.xlsx
SG1S04926220,OCBC,SG1S04926220.xlsx
JP3197800000,OMRON Corporation,JP3197800000.xlsx
AT0000743059,OMV,AT0000743059.xlsx
US6826801036,ONEOK,US6826801036.xlsx
JP3197600004,ONO PHARMACEUTICAL,JP3197600004.xlsx
JP3200450009,ORIX,JP3200450009.xlsx
HU0000061726,OTP Bank,HU0000061726.xlsx
JP3190000004,Obayashi,JP3190000004.xlsx
INE093I01010,Oberoi Realty,INE093I01010.xlsx
US6745991058,Occidental Petroleum,US6745991058.xlsx
INE274J01014,Oil India,INE274J01014.xlsx
INE213A01029,Oil and Natural Gas,INE213A01029.xlsx
US6792951054,Okta,US6792951054.xlsx
US6795801009,Old Dominion Freight,US6795801009.xlsx
ZAE000255360,Old Mutual,ZAE000255360.xlsx
JP3201200007,Olympus Corporation,JP3201200007.xlsx
US6819191064,Omnicom Public Relations Group,US6819191064.xlsx
US87612E1064,On Target IT,US87612E1064.xlsx
CA6837151068,OpenText,CA6837151068.xlsx
CNE100002RB3,Oppein,CNE100002RB3.xlsx
INE881D01027,Oracle,INE881D01027.xlsx
JP3689500001,Oracle,JP3689500001.xlsx
US68389X1054,Oracle Customer Management Solutions,US68389X1054.xlsx
FR0000133308,Orange,FR0000133308.xlsx
BMG677491539,Orient Overseas,BMG677491539.xlsx
CNE100001ZV6,Orient Securities (China),CNE100001ZV6.xlsx
JP3198900007,Oriental Land,JP3198900007.xlsx
AU000000ORG5,Origin Energy,AU000000ORG5.xlsx
FI0009014377,Orion Pharma (FI),FI0009014377.xlsx
KR7271560005,Orion RED,KR7271560005.xlsx
NO0003733800,Orkla,NO0003733800.xlsx
JP3180400008,Osaka Gas,JP3180400008.xlsx
JP3188220002,Otsuka Holdings,JP3188220002.xlsx
JP3188200004,Otsuka Shokai IT,JP3188200004.xlsx
ZAE000314084,Outsurance,ZAE000314084.xlsx
US6907421019,Owens Corning,US6907421019.xlsx
US7223041028,PDD,US7223041028.xlsx
US69331C1080,PGE Polska Grupa Energetyczna,US69331C1080.xlsx
INE603J01030,PI Industries,INE603J01030.xlsx
PLPKN0000018,PKN ORLEN,PLPKN0000018.xlsx
PLPKO0000016,PKO Bank Polski,PLPKO0000016.xlsx
PHY7072Q1032,PLDT Subictel,PHY7072Q1032.xlsx
US59156R1086,PNB MetLife,US59156R1086.xlsx
US6934751057,PNC Financial Services Group,US6934751057.xlsx
KYG7170M1033,POP MART,KYG7170M1033.xlsx
KR7047050000,POSCO,KR7047050000.xlsx
KR7005490008,POSCO,KR7005490008.xlsx
KR7003670007,POSCO,KR7003670007.xlsx
MYL4065OO008,PPB Group,MYL4065OO008.xlsx
GRS434003000,PPC (Public Power Corporation),GRS434003000.xlsx
US6935061076,PPG,US6935061076.xlsx
US69351T1060,PPL,US69351T1060.xlsx
US69370C1009,PTC Software,US69370C1009.xlsx
THA099010003,PTT,THA099010003.xlsx
TH0646010Z00,PTTEP,TH0646010Z00.xlsx
TH0355A10Z04,PTTEP,TH0355A10Z04.xlsx
PLPZU0000011,PZU Group,PLPZU0000011.xlsx
MX01GA000004,Pacific Airport Group,MX01GA000004.xlsx
US9078181081,Pacific Union International,US9078181081.xlsx
INE761H01022,Page Industries,INE761H01022.xlsx
US69608A1088,Palantir Technologies,US69608A1088.xlsx
US6974351057,Palo Alto Networks,US6974351057.xlsx
CA6979001089,Pan American Silver,CA6979001089.xlsx
JP3639650005,Pan Pacific International Holdings,JP3639650005.xlsx
JP3866800000,Panasonic,JP3866800000.xlsx
DK0060252690,Pandora Jewelry,DK0060252690.xlsx
US7010941042,Parker Hannifin,US7010941042.xlsx
US60855R1005,Passport Health Plan by Molina Healthcare,US60855R1005.xlsx
US70450Y1038,PayPal,US70450Y1038.xlsx
US7043261079,Paychex,US7043261079.xlsx
US70432V1026,Paycom,US70432V1026.xlsx
GB0006776081,Pearson Anderson,GB0006776081.xlsx
TW0004938006,Pegatron,TW0004938006.xlsx
CA7063271034,Pembina Pipeline Corp,CA7063271034.xlsx
IE00BLS09M33,Pentair,IE00BLS09M33.xlsx
CNE100003F27,Peoples Insurance Company of China,CNE100003F27.xlsx
ZAE000259479,Pepkor,ZAE000259479.xlsx
FR0000120693,Pernod Ricard,FR0000120693.xlsx
INE262H01021,Persistent Systems,INE262H01021.xlsx
BRPETRACNOR9,Petrobras,BRPETRACNOR9.xlsx
CNE1000007Q1,Petrochina International,CNE1000007Q1.xlsx
MYL6033OO004,Petronas,MYL6033OO004.xlsx
MYL5681OO001,Petronas,MYL5681OO001.xlsx
MYL5183OO008,Petronas,MYL5183OO008.xlsx
INE347G01014,Petronet LNG,INE347G01014.xlsx
MXP554091415,Peñoles,MXP554091415.xlsx
US7170811035,Pfizer Limited,US7170811035.xlsx
TW0006446008,Pharmaessentia,TW0006446008.xlsx
CNE100003JW4,Pharmaron,CNE100003JW4.xlsx
US7181721090,Philip Morris International,US7181721090.xlsx
NL0000009538,Philips,NL0000009538.xlsx
US7185461040,Phillips 66,US7185461040.xlsx
GB00BGXQNP29,Phoenix Group,GB00BGXQNP29.xlsx
INE318A01026,Pidilite,INE318A01026.xlsx
CNE000000040,Ping An Bank,CNE000000040.xlsx
US72352L1061,Pinterest,US72352L1061.xlsx
CNE100005998,PioTech,CNE100005998.xlsx
GRS014003032,Piraeus Financial Holdings,GRS014003032.xlsx
INE455K01017,Polycab India Limited,INE455K01017.xlsx
US23345V1070,Porsche,US23345V1070.xlsx
US73328P1066,Porsche,US73328P1066.xlsx
CNE100003PZ4,Postal Savings Bank of China,CNE100003PZ4.xlsx
IT0003796171,Poste Italiane,IT0003796171.xlsx
TW0009904003,Pou Chen,TW0009904003.xlsx
INE134E01011,Power Finance,INE134E01011.xlsx
INE752E01010,Power Grid Corporation of India,INE752E01010.xlsx
CA7392391016,Power of Canada,CA7392391016.xlsx
AU000000RIO1,Prefeitura de Rio Tinto,AU000000RIO1.xlsx
TW0002912003,President Chain Store,TW0002912003.xlsx
MYL8869OO009,Press Metal,MYL8869OO009.xlsx
INE811K01011,Prestige Group (Bangalore),INE811K01011.xlsx
US91307C1027,Prime Therapeutics,US91307C1027.xlsx
US74251V1026,Principal,US74251V1026.xlsx
AU000000PME8,Pro Medicus,AU000000PME8.xlsx
US7427181091,Procter & Gamble (España),US7427181091.xlsx
MXCFFI170008,Prolog (Mexico),MXCFFI170008.xlsx
US74340W1036,Prolog Solutions,US74340W1036.xlsx
MX01PI000005,Promotora y Operadora de Infraestructura,MX01PI000005.xlsx
CA0641491075,Province of Nova Scotia,CA0641491075.xlsx
GB0007099541,Prudential plc,GB0007099541.xlsx
US7443201022,Prudential plc,US7443201022.xlsx
IT0004176001,Prysmian,IT0004176001.xlsx
MYL1295OO004,Public Bank,MYL1295OO004.xlsx
US74460D1090,Public Storage,US74460D1090.xlsx
FR0000130577,Publicis Groupe,FR0000130577.xlsx
US7458671010,PulteGroup,US7458671010.xlsx
INE160A01022,Punjab National Bank,INE160A01022.xlsx
US74624M1027,Pure Storage,US74624M1027.xlsx
AU000000QBE9,QBE,AU000000QBE9.xlsx
NL0015002CX3,QIAGEN,NL0015002CX3.xlsx
MYL7084OO006,QL RESOURCES,MYL7084OO006.xlsx
AU000000QAN2,Qantas,AU000000QAN2.xlsx
QA0006929879,Qatar International Islamic Bank,QA0006929879.xlsx
QA0006929853,Qatar Islamic Bank,QA0006929853.xlsx
QA0006929895,Qatar National Bank,QA0006929895.xlsx
KYG8851G1001,Qifu Technology,KYG8851G1001.xlsx
US7475251036,Qualcomm Furniture,US7475251036.xlsx
TW0002382009,Quanta Computer,TW0002382009.xlsx
US74762E1029,Quanta Services,US74762E1029.xlsx
CA7481932084,Quebecor,CA7481932084.xlsx
US74834L1008,Quest Diagnostics Health & Wellness,US74834L1008.xlsx
DE0007010803,RATIONAL,DE0007010803.xlsx
CA74935Q1072,RB Dwyer Group,CA74935Q1072.xlsx
AU000000REA9,REA Group,AU000000REA9.xlsx
GB00B2B0DG97,RELX,GB00B2B0DG97.xlsx
MYL1066OO009,RHB Group,MYL1066OO009.xlsx
DK0063855168,ROCKWOOL Group,DK0063855168.xlsx
US75513E1010,RTX A/S (Denmark),US75513E1010.xlsx
DE0007037129,RWE Supply & Trading,DE0007037129.xlsx
BRRADLACNOR0,Raia Drogasil,BRRADLACNOR0.xlsx
INE415G01027,Rail Vikas Nigam,INE415G01027.xlsx
SA12A0540J14,Rajhi Steel,SA12A0540J14.xlsx
JP3967200001,Rakuten Group,JP3967200001.xlsx
NL0000379121,Randstad,NL0000379121.xlsx
CNE100002RZ2,Rational 360,CNE100002RZ2.xlsx
US7547301090,Raymond James Financial,US7547301090.xlsx
TW0002379005,RealTek Semiconductor Corp,TW0002379005.xlsx
GB00B24CGK77,Reckitt,GB00B24CGK77.xlsx
JP3970300004,"Recruit Holdings, Co., Ltd.",JP3970300004.xlsx
US75734B1008,Reddit,US75734B1008.xlsx
BRRDORACNOR8,Rede D'Or,BRRDORACNOR8.xlsx
ES0173093024,Redeia,ES0173093024.xlsx
AU000000REH4,Reece,AU000000REH4.xlsx
US7588491032,Regency Centers,US7588491032.xlsx
US75886F1075,Regeneron,US75886F1075.xlsx
US7591EP1005,Regions Financial,US7591EP1005.xlsx
US7595091023,Reliance,US7595091023.xlsx
INE002A01018,Reliance Industries,INE002A01018.xlsx
FR0000131906,Renault Group,FR0000131906.xlsx
JP3164720009,Renesas,JP3164720009.xlsx
GB00B082RF11,Rentokil Initial,GB00B082RF11.xlsx
ES0173516115,Repsol,ES0173516115.xlsx
US7607591002,Republic Services,US7607591002.xlsx
US7611521078,Resmed,US7611521078.xlsx
JP3500610005,Resona,JP3500610005.xlsx
CA76131D1033,Restaurant Brands International,CA76131D1033.xlsx
US7140461093,Revvity,US7140461093.xlsx
FR0010451203,Rexel Group,FR0010451203.xlsx
DE0007030009,Rheinmetall,DE0007030009.xlsx
CH0210483332,Richemont,CH0210483332.xlsx
JP3973400009,Ricoh,JP3973400009.xlsx
GB0007188757,Rio Tinto,GB0007188757.xlsx
US76954A1034,Rivian,US76954A1034.xlsx
SA0007879048,Riyad Bank,SA0007879048.xlsx
INE323A01026,Robert Bosch India,INE323A01026.xlsx
US7707001027,Robinhood,US7707001027.xlsx
CNE100003R80,Roborock,CNE100003R80.xlsx
CH0012032048,Roche,CH0012032048.xlsx
US7739031091,Rockwell Automation,US7739031091.xlsx
CA7751092007,Rogers Communications,CA7751092007.xlsx
US7757111049,Rollins College,US7757111049.xlsx
GB00B63H8491,Rolls-Royce,GB00B63H8491.xlsx
CNE100000W60,Rongsheng Petrochemical,CNE100000W60.xlsx
US7766961061,Roper Technologies,US7766961061.xlsx
US7782961038,Ross Stores,US7782961038.xlsx
LR0008862868,Royal Caribbean Group,LR0008862868.xlsx
CA7800871021,Royal College of Physicians and Surgeons of Canada,CA7800871021.xlsx
GB00BMVP7Y09,Royalty Pharma,GB00BMVP7Y09.xlsx
TW0009945006,Ruentex Group,TW0009945006.xlsx
BRRAILACNOR9,Rumo,BRRAILACNOR9.xlsx
BMG4404N1149,Ruyi Holdings,BMG4404N1149.xlsx
IE00BYTBXV33,Ryanair,IE00BYTBXV33.xlsx
US6153691059,S M Resources Corporation,US6153691059.xlsx
CNE1000002N9,S&H Building Material,CNE1000002N9.xlsx
US78409V1044,S&P Global,US78409V1044.xlsx
KR7010950004,S-Oil,KR7010950004.xlsx
BRSBSPACNOR5,SABESP,BRSBSPACNOR5.xlsx
SA0007879121,SABIC,SA0007879121.xlsx
CNE000000TY6,SAIC Motor,CNE000000TY6.xlsx
SA15T1L22JH8,SAL Saudi Logistics Services,SA15T1L22JH8.xlsx
DE0007164600,SAP,DE0007164600.xlsx
TRASASAW91E4,SASA (Turkey),TRASASAW91E4.xlsx
US78410G1040,SBA,US78410G1040.xlsx
INE123W01016,SBI,INE123W01016.xlsx
INE018E01016,SBI Card,INE018E01016.xlsx
JP3436120004,SBI Holdings,JP3436120004.xlsx
SE0000112724,SCA,SE0000112724.xlsx
THA790010005,SCB X,THA790010005.xlsx
JP3400400002,SCSK,JP3400400002.xlsx
MYL5285OO001,SD Guthrie,MYL5285OO001.xlsx
JP3421800008,SECOM (Japan),JP3421800008.xlsx
GB00B5ZN1N88,SEGRO,GB00B5ZN1N88.xlsx
CNE1000028B9,SERES,CNE1000028B9.xlsx
CNE100000L63,SF International,CNE100000L63.xlsx
CNE100002NT4,SG Micro,CNE100002NT4.xlsx
JP3162770006,SG SPA,JP3162770006.xlsx
AU0000364754,SGH Building & Carpentry,AU0000364754.xlsx
CH1256740924,SGS,CH1256740924.xlsx
CNE100002FM5,SHAI,CNE100002FM5.xlsx
CH0435377954,SIG Group,CH0435377954.xlsx
SA000A0KFKK0,SIPCHEM,SA000A0KFKK0.xlsx
KR7034730002,SK,KR7034730002.xlsx
KR7096770003,SK GC Americas,KR7096770003.xlsx
KR7326030004,SK Group,KR7326030004.xlsx
KR7017670001,SK Telecom CS T1,KR7017670001.xlsx
KR7000660001,SK hynix,KR7000660001.xlsx
SE0000108227,SKF,SE0000108227.xlsx
PHY806761029,SM Investments,PHY806761029.xlsx
PHY8076N1120,SM Prime Holdings,PHY8076N1120.xlsx
JP3162600005,SMC,JP3162600005.xlsx
FR0000130809,SOCIETE GENERALE ASSURANCES,FR0000130809.xlsx
INE647A01010,SRF,INE647A01010.xlsx
US78467J1007,SS&C,US78467J1007.xlsx
GB0007908733,SSE,GB0007908733.xlsx
SG1F60858221,ST Engineering,SG1F60858221.xlsx
IE00BFY8C754,STERIS,IE00BFY8C754.xlsx
CNE100005D92,SUPCON Group,CNE100005D92.xlsx
SE0021921269,Saab Group,SE0021921269.xlsx
TRASAHOL91Q5,Sabanci,TRASAHOL91Q5.xlsx
FR0000073272,Safran Aircraft Engines,FR0000073272.xlsx
SE0005127818,Sagax,SE0005127818.xlsx
GB00B8C3BL03,Sage,GB00B8C3BL03.xlsx
CNE1000015F7,Sailun Group,CNE1000015F7.xlsx
GB00B019KW72,Sainsbury’s,GB00B019KW72.xlsx
FR0000125007,Saint-Gobain,FR0000125007.xlsx
NO0010310956,SalMar,NO0010310956.xlsx
FI4000552500,Sampo,FI4000552500.xlsx
US79589L1061,Samsara,US79589L1061.xlsx
KR7207940008,Samsung BioLogics,KR7207940008.xlsx
KR7009150004,Samsung Electro-Mechanics,KR7009150004.xlsx
KR7028260008,Samsung Electronics,KR7028260008.xlsx
KR7005930003,Samsung Electronics,KR7005930003.xlsx
KR7000810002,Samsung Fire & Marine Insurance,KR7000810002.xlsx
KR7010140002,Samsung Heavy Industries,KR7010140002.xlsx
KR7032830002,Samsung Life Insurance,KR7032830002.xlsx
KR7006400006,Samsung SDI,KR7006400006.xlsx
KR7018260000,Samsung SDS,KR7018260000.xlsx
INE775A01035,Samvardhana Motherson,INE775A01035.xlsx
KR7003230000,Samyang,KR7003230000.xlsx
CNE000000KB3,San'an Optoelectronics,CNE000000KB3.xlsx
CH1243598427,Sandoz,CH1243598427.xlsx
KYG7800X1079,Sands China,KYG7800X1079.xlsx
SE0000667891,Sandvik,SE0000667891.xlsx
ZAE000070660,SanlamAllianz,ZAE000070660.xlsx
FR0000120578,Sanofi,FR0000120578.xlsx
JP3343200006,Sanrio,JP3343200006.xlsx
JP3429800000,Santa Ana Unified School District,JP3429800000.xlsx
CLP1506A1070,Santander,CLP1506A1070.xlsx
PLBZ00000044,Santander,PLBZ00000044.xlsx
AU000000STO6,Santos,AU000000STO6.xlsx
CNE000001F70,Sany Heavy Industry,CNE000001F70.xlsx
US4595061015,Sapphire Flavors & Fragrances,US4595061015.xlsx
CA8029121057,Saputo,CA8029121057.xlsx
FR0013154002,Sartorius,FR0013154002.xlsx
ZAE000006896,Sasol,ZAE000006896.xlsx
CNE100001B07,Satellite Petrochemical,CNE100001B07.xlsx
SA14TG012N13,Saudi Aramco,SA14TG012N13.xlsx
SA0007879089,Saudi Awwal Bank,SA0007879089.xlsx
SA000A0JK5M3,Saudi Binladin,SA000A0JK5M3.xlsx
SA0007879550,Saudi Electricity Company,SA0007879550.xlsx
SA000A0B89Q3,Saudi Industrial Property Authority,SA000A0B89Q3.xlsx
SA0007879063,Saudi Investment Bank,SA0007879063.xlsx
SA000A0MQCJ2,Saudi Kayan,SA000A0MQCJ2.xlsx
SA0007879543,Saudi Telecom,SA0007879543.xlsx
AU000000SCG8,Scentre Group,AU000000SCG8.xlsx
CH0024638196,Schindler,CH0024638196.xlsx
AN8068571086,Schlumberger (Germany),AN8068571086.xlsx
FR0000121972,Schneider Electric,FR0000121972.xlsx
GB00BP9LHF23,Schroders,GB00BP9LHF23.xlsx
DE000A12DM80,Scout24 SE,DE000A12DM80.xlsx
US81141R1005,Sea Consortium,US81141R1005.xlsx
IE00BKVD2N49,Seagate Technology,IE00BKVD2N49.xlsx
SE0000163594,Securitas,SE0000163594.xlsx
JP3419400001,Sekisui Chemical,JP3419400001.xlsx
JP3420600003,Sekisui House,JP3420600003.xlsx
SG1R50925390,SembCorp,SG1R50925390.xlsx
US8168511090,Sempra,US8168511090.xlsx
US81762P1021,ServiceNow,US81762P1021.xlsx
JP3422950000,Seven & I,JP3422950000.xlsx
GB00B1FH8J72,Severn Trent,GB00B1FH8J72.xlsx
CNE000000V89,Shanghai Airport,CNE000000V89.xlsx
CNE100000D55,Shanghai Electric,CNE100000D55.xlsx
CNE000000C82,Shanghai Pharmaceuticals Holding,CNE000000C82.xlsx
CNE0000011B7,Shanghai Pudong Development Bank,CNE0000011B7.xlsx
CNE100004QD7,Shanghai Rural Commercial Bank,CNE100004QD7.xlsx
GB00BP6MXD84,Shell,GB00BP6MXD84.xlsx
CNE0000005Q7,Shenergy Group,CNE0000005Q7.xlsx
CNE100003373,Shennan Circuits,CNE100003373.xlsx
CNE100002FD4,Shenwan Hongyuan,CNE100002FD4.xlsx
CNE100003T39,Shenzhen New Industries Biomedical Engineering,CNE100003T39.xlsx
KYG8087W1015,Shenzhou International Group Holdings,KYG8087W1015.xlsx
US8243481061,Sherwin-Williams,US8243481061.xlsx
JP3357200009,Shimadzu,JP3357200009.xlsx
JP3358000002,Shimano,JP3358000002.xlsx
TW0002888005,Shin Kong,TW0002888005.xlsx
JP3371200001,Shin-Etsu Chemical,JP3371200001.xlsx
KR7055550008,Shinhan Financial Group,KR7055550008.xlsx
JP3347200002,Shionogi & Co.,JP3347200002.xlsx
JP3351600006,Shiseido,JP3351600006.xlsx
INE070A01015,Shree Cement,INE070A01015.xlsx
INE721A01047,Shriram Transport Finance,INE721A01047.xlsx
TH0003010Z04,Siam City Cement,TH0003010Z04.xlsx
CNE000001DQ4,Sichuan Road & Bridge (Group),CNE000001DQ4.xlsx
DE000ENER6Y0,Siemens Energy,DE000ENER6Y0.xlsx
DE0007236101,Siemens Energy,DE0007236101.xlsx
INE003A01024,Siemens Gamesa,INE003A01024.xlsx
DE000SHL1006,Siemens Healthineers,DE000SHL1006.xlsx
CNE000001KM8,Sieyuan Electric,CNE000001KM8.xlsx
AU000000SIG5,Sigma Healthcare,AU000000SIG5.xlsx
CH0418792922,Sika Schweiz,CH0418792922.xlsx
CNE000001DN1,Silan,CNE000001DN1.xlsx
KYG8190F1028,Silergy Corp,KYG8190F1028.xlsx
MYL4197OO009,Sime Darby,MYL4197OO009.xlsx
US8288061091,Simon Property Group,US8288061091.xlsx
SG1V61937297,Singapore Airlines,SG1V61937297.xlsx
SG1J26887955,Singapore Mercantile Exchange,SG1J26887955.xlsx
SG1T75931496,Singtel,SG1T75931496.xlsx
KYG8167W1380,Sino Biopharmaceutical,KYG8167W1380.xlsx
HK0083000502,Sino Land,HK0083000502.xlsx
TW0002890001,SinoPac,TW0002890001.xlsx
CNE000000SV4,Sinolink Securities,CNE000000SV4.xlsx
CNE100000FN7,Sinopharm Group,CNE100000FN7.xlsx
HK3808041546,Sinotruk International,HK3808041546.xlsx
TRASISEW91Q3,Sisecam,TRASISEW91Q3.xlsx
KYG8187G1055,Sitc,KYG8187G1055.xlsx
SE0000113250,Skanska,SE0000113250.xlsx
IE0002424939,Smart DCC,IE0002424939.xlsx
GB0009223206,Smith+Nephew,GB0009223206.xlsx
GB00B1WY2338,Smiths Group,GB00B1WY2338.xlsx
KYG8245V1023,Smoore,KYG8245V1023.xlsx
IE00028FXN24,Smurfit Westrock,IE00028FXN24.xlsx
IT0003153415,Snam,IT0003153415.xlsx
US83304A1060,Snap,US83304A1060.xlsx
US8330341012,Snap,US8330341012.xlsx
US8334451098,Snowflake Unified School District,US8334451098.xlsx
FR0000121220,Sodexo Live,FR0000121220.xlsx
BE0003717312,Sofina,BE0003717312.xlsx
JP3436100006,SoftBank,JP3436100006.xlsx
JP3732000009,SoftBank Robotics,JP3732000009.xlsx
INE343H01029,Solar Industries India,INE343H01029.xlsx
US83444M1018,Solventum,US83444M1018.xlsx
JP3165000005,Sompo Holdings,JP3165000005.xlsx
AU000000SHL7,Sonic Healthcare,AU000000SHL7.xlsx
CH0012549785,Sonova,CH0012549785.xlsx
US98419M1009,"Sontek, Xylem brand ",US98419M1009.xlsx
JP3435000009,Sony,JP3435000009.xlsx
CNE1000019P8,Soochow Securities,CNE1000019P8.xlsx
AU000000S320,South32,AU000000S320.xlsx
US8425871071,Southern California Edison,US8425871071.xlsx
US84265V1052,Southern Copper,US84265V1052.xlsx
CNE0000016P6,Southwest Securities,CNE0000016P6.xlsx
GB00BWFGQN14,Spirax Sarco,GB00BWFGQN14.xlsx
LU1778762911,Spotify,LU1778762911.xlsx
CNE100001V45,Spring Airlines,CNE100001V45.xlsx
ZAE000109815,Standard Bank Group,ZAE000109815.xlsx
GB0004082847,Standard Chartered Bank,GB0004082847.xlsx
CA85472N1096,Stantec,CA85472N1096.xlsx
US8552441094,Starbucks,US8552441094.xlsx
INE062A01020,State Bank of India,INE062A01020.xlsx
US8574771031,State Street Brats,US8574771031.xlsx
US8581191009,Steel Dynamics,US8581191009.xlsx
NL00150001Q9,Stellantis,NL00150001Q9.xlsx
AU000000SGP0,Stockland,AU000000SGP0.xlsx
FI0009005961,Stora Enso,FI0009005961.xlsx
US5949724083,Strategy Plus,US5949724083.xlsx
CH1175448666,Straumann Group,CH1175448666.xlsx
US8636671013,Stryker,US8636671013.xlsx
JP3892100003,SuMi Trust,JP3892100003.xlsx
JP3814800003,Subaru Corporation,JP3814800003.xlsx
JP3404600003,Sumitomo Corporation,JP3404600003.xlsx
JP3407400005,Sumitomo Electric Group,JP3407400005.xlsx
JP3890350006,Sumitomo Mitsui Financial Group,JP3890350006.xlsx
JP3409000001,Sumitomo Realty & Development,JP3409000001.xlsx
US8666741041,Sun Communities,US8666741041.xlsx
HK0016000132,Sun Hung Kai Properties,HK0016000132.xlsx
CA8667961053,Sun Life,CA8667961053.xlsx
INE044A01036,"Sun Pharmaceutical Industries, Inc.",INE044A01036.xlsx
CA8672241079,Suncor,CA8672241079.xlsx
AU000000SUN6,Suncorp Group,AU000000SUN6.xlsx
INE660A01013,Sundaram Finance,INE660A01013.xlsx
CNE1000018M7,Sungrow,CNE1000018M7.xlsx
KYG8586D1097,Sunny Optical Technology (Group),KYG8586D1097.xlsx
JP3336560002,Suntory Group,JP3336560002.xlsx
US7134481081,Suntory PepsiCo Vietnam Beverage,US7134481081.xlsx
MYL5211OO007,Sunway Resort Hotel & Spa,MYL5211OO007.xlsx
CNE100001260,Sunwoda Electronic,CNE100001260.xlsx
US86800U3023,"Super Micro Computer, Inc. (Supermicro)",US86800U3023.xlsx
INE195A01028,Supreme,INE195A01028.xlsx
BRSUZBACNOR0,Suzano,BRSUZBACNOR0.xlsx
IN9040H01011,Suzlon Group,IN9040H01011.xlsx
JP3397200001,Suzuki Motor,JP3397200001.xlsx
SE0007100599,Svenska Handelsbanken,SE0007100599.xlsx
CH0012255151,Swatch Group,CH0012255151.xlsx
SE0000242455,Swedbank,SE0000242455.xlsx
HK0019000162,Swire Pacific,HK0019000162.xlsx
CH0014852781,Swiss Life,CH0014852781.xlsx
CH0008038389,Swiss Prime Site,CH0008038389.xlsx
CH0126881561,Swiss Re,CH0126881561.xlsx
CH0008742519,Swisscom,CH0008742519.xlsx
BE0974464977,Syensqo,BE0974464977.xlsx
DE000SYM9999,Symrise,DE000SYM9999.xlsx
US87165B1035,Synchrony,US87165B1035.xlsx
TW0002347002,Synnex Technology International,TW0002347002.xlsx
US8718291078,Sysco,US8718291078.xlsx
JP3351100007,Sysmex,JP3351100007.xlsx
JP3539220008,T D Newton & Associates,JP3539220008.xlsx
US8725901040,T-Mobile,US8725901040.xlsx
US74144T1088,T. Rowe Price,US74144T1088.xlsx
US8740801043,TAL Education Group,US8740801043.xlsx
INE670A01012,TATA ELXSI,INE670A01012.xlsx
CA87807B1076,TC Energy,CA87807B1076.xlsx
CNE000001GL8,TCL,CNE000001GL8.xlsx
JP3538800008,TDK Corporation,JP3538800008.xlsx
IE000IVNQZ81,TE Connectivity,IE000IVNQZ81.xlsx
CA87971M1032,TELUS Spark,CA87971M1032.xlsx
NL0000235190,"TESTIA, an Airbus Company",NL0000235190.xlsx
CA87241L1094,TFI International,CA87241L1094.xlsx
US14040H1059,TH March,US14040H1059.xlsx
BRTIMSACNOR5,TIM,BRTIMSACNOR5.xlsx
JP3104890003,TIS,JP3104890003.xlsx
US8725401090,TJX Canada,US8725401090.xlsx
TH0068010Z07,TMBThanachart Bank Public,TH0068010Z07.xlsx
CA87262K1057,TMX Group,CA87262K1057.xlsx
BRTOTSACNOR8,TOTVS,BRTOTSACNOR8.xlsx
FR0000051807,TP,FR0000051807.xlsx
CNE100003P74,TRANSSION Holdings,CNE100003P74.xlsx
TW0002330008,TSMC,TW0002330008.xlsx
INE494B01023,TVS Motor Company,INE494B01023.xlsx
SA15DHKGHBH4,Tadāwul,SA15DHKGHBH4.xlsx
JP3443600006,Taisei,JP3443600006.xlsx
TW0002834009,Taiwan Business Bank,TW0002834009.xlsx
TW0001101004,Taiwan Cement Corp,TW0001101004.xlsx
TW0002633005,Taiwan High Speed Rail,TW0002633005.xlsx
TW0003045001,Taiwan Mobile,TW0003045001.xlsx
JP3711600001,Taiyo Nippon Sanso,JP3711600001.xlsx
US8740541094,Take-Two,US8740541094.xlsx
JP3463000004,Takeda Pharmaceuticals,JP3463000004.xlsx
EGS691S1C011,Talaat Mostafa Group,EGS691S1C011.xlsx
DE000TLX1005,Talanx,DE000TLX1005.xlsx
US87612G1013,Targa,US87612G1013.xlsx
INE151A01013,Tata Communications,INE151A01013.xlsx
INE467B01029,Tata Consultancy Services,INE467B01029.xlsx
INE192A01025,Tata Consumer Products,INE192A01025.xlsx
INE298A01020,Tata Cummins,INE298A01020.xlsx
INE155A01022,Tata Motors,INE155A01022.xlsx
INE245A01021,Tata Power,INE245A01021.xlsx
INE081A01020,Tata Steel,INE081A01020.xlsx
CNE000000RB8,Tbea Energy,CNE000000RB8.xlsx
INE669C01036,Tech Mahindra,INE669C01036.xlsx
HK0669013440,Techtronic Industries,HK0669013440.xlsx
CA8787423034,Teck Resources Limited,CA8787423034.xlsx
SE0005190238,Tele2,SE0005190238.xlsx
IT0003497168,Telecom Italia Media,IT0003497168.xlsx
US8793601050,Teledyne Technologies,US8793601050.xlsx
ES0178430E18,Telefónica,ES0178430E18.xlsx
MYL4863OO006,Telekom Malaysia,MYL4863OO006.xlsx
NO0010063308,Telenor,NO0010063308.xlsx
KYG3165D1097,Telesure Investment Holdings,KYG3165D1097.xlsx
SE0000667925,Telia Company,SE0000667925.xlsx
ID1000129000,Telkom Indonesia,ID1000129000.xlsx
AU000000TLS2,Telstra,AU000000TLS2.xlsx
LU2598331598,Tenaris Bay City,LU2598331598.xlsx
KYG875771134,Tencent Music Entertainment Group,KYG875771134.xlsx
KYG875721634,Tencent WeStart (Hong Kong),KYG875721634.xlsx
US8807701029,Teradyne Infotech,US8807701029.xlsx
US14149Y1082,Terence Cardinal Cooke Health Care Center,US14149Y1082.xlsx
JP3546800008,Terumo Medical do Brasil,JP3546800008.xlsx
GB00BLGZ9862,Tesco Mobile,GB00BLGZ9862.xlsx
US88160R1014,Tesla Industries,US88160R1014.xlsx
IL0006290147,Teva Pharmaceuticals,IL0006290147.xlsx
US8825081040,Texas Instruments,US8825081040.xlsx
US88262P1021,Texas Pacific Land Trust,US88262P1021.xlsx
US8832031012,Textron GSE,US8832031012.xlsx
FR0000121329,Thales Alenia Space,FR0000121329.xlsx
CNE100000627,The Bank of Nanjing,CNE100000627.xlsx
US1344291091,The Campbell's Company,US1344291091.xlsx
US14316J1088,The Carlyle Group,US14316J1088.xlsx
US1890541097,The Clorox Company,US1890541097.xlsx
NL0000009165,The HEINEKEN Company,NL0000009165.xlsx
US4165151048,The Hartford,US4165151048.xlsx
US4370761029,The Home Depot,US4370761029.xlsx
INE053A01029,The Indian Hotels,INE053A01029.xlsx
AU0000219529,The Lottery Corporation,AU0000219529.xlsx
INE211B01039,The Phoenix Mills,INE211B01039.xlsx
US73278L1052,The Pool,US73278L1052.xlsx
TW0005876007,The Shanghai Commercial & Savings Bank,TW0005876007.xlsx
ZAE000012084,The Shoprite Group of Companies (South Africa),ZAE000012084.xlsx
US88339J1051,The Trade Desk,US88339J1051.xlsx
US2546871060,The Walt Disney School,US2546871060.xlsx
US9418481035,The Waters,US9418481035.xlsx
INE152A01029,Thermax,INE152A01029.xlsx
US8835561023,Thermo Fisher Scientific,US8835561023.xlsx
CA8849038085,Thomson Reuters,CA8849038085.xlsx
CNE100003F43,Tianfeng Securities,CNE100003F43.xlsx
CNE100000T32,Tianqi Lithium,CNE100000T32.xlsx
CNE100001KV8,Tigermed,CNE100001KV8.xlsx
INE280A01028,Titan Company,INE280A01028.xlsx
US8887871080,Toast Inc,US8887871080.xlsx
JP3598600009,Toho,JP3598600009.xlsx
JP3910660004,Tokio Marine Holdings,JP3910660004.xlsx
JP3571400005,Tokyo Electron,JP3571400005.xlsx
JP3573000001,Tokyo Gas,JP3573000001.xlsx
JP3583900000,Tokyo Metro,JP3583900000.xlsx
JP3574200006,Tokyu Construction,JP3574200006.xlsx
KYG8918W1069,Tongcheng Travel,KYG8918W1069.xlsx
CNE1000006C3,Tongfu Microelectronics,CNE1000006C3.xlsx
CNE000001GS3,Tongwei Group,CNE000001GS3.xlsx
JP3621000003,Toray,JP3621000003.xlsx
CA8911021050,Toromont,CA8911021050.xlsx
INE685A01028,Torrent Pharmaceuticals,INE685A01028.xlsx
INE813H01021,Torrent Power,INE813H01021.xlsx
FR0000120271,TotalEnergies,FR0000120271.xlsx
CA89156V1067,Tourmaline Oil,CA89156V1067.xlsx
US03027X1000,Tower Hamlets Council,US03027X1000.xlsx
HK0003000038,Towngas,HK0003000038.xlsx
JP3634600005,Toyota Industries Corporation,JP3634600005.xlsx
JP3633400001,Toyota Motor Corporation,JP3633400001.xlsx
JP3635000007,Toyota Tsusho,JP3635000007.xlsx
US8923561067,Tractor Supply Distribution  ,US8923561067.xlsx
US8926721064,Tradeweb,US8926721064.xlsx
IE00BK9ZQ967,Trane Technologies,IE00BK9ZQ967.xlsx
US8936411003,TransDigm,US8936411003.xlsx
AU000000TCL6,Transurban,AU000000TCL6.xlsx
CNE1000004J3,TravelSky Technology,CNE1000004J3.xlsx
US89417E1091,Travelers,US89417E1091.xlsx
SE0000114837,Trelleborg,SE0000114837.xlsx
JP3637300009,Trend Micro Inc.,JP3637300009.xlsx
INE849A01020,Trent,INE849A01020.xlsx
US8962391004,Trimble Dental,US8962391004.xlsx
CNE100003ZR0,Trinasolar,CNE100003ZR0.xlsx
US5717481023,"Trion Group, a Marsh & McLennan Agency",US5717481023.xlsx
KYG9066F1019,Trip.com Group,KYG9066F1019.xlsx
US6951561090,Trivium Packaging,US6951561090.xlsx
THB231010000,True Corporation,THB231010000.xlsx
US89832Q1094,Truist,US89832Q1094.xlsx
DK0060636678,Tryg,DK0060636678.xlsx
CNE0000009Y3,Tsingtao,CNE0000009Y3.xlsx
INE974X01010,Tube Investments of India,INE974X01010.xlsx
CNE1000023J3,Tuopu,CNE1000023J3.xlsx
TRATCELL91M1,Turkcell,TRATCELL91M1.xlsx
TRATUPRS91E8,Turkish Petroleum Refineries,TRATUPRS91E8.xlsx
US90138F1021,Twilio,US90138F1021.xlsx
US9022521051,Tyler Technologies,US9022521051.xlsx
US9024941034,Tyson Foods,US9024941034.xlsx
CH0244767585,UBS,CH0244767585.xlsx
CNE000000Q11,UBS SDIC Fund Management,CNE000000Q11.xlsx
BE0003739530,UCB,BE0003739530.xlsx
US9026531049,UDR,US9026531049.xlsx
FI0009005987,UPM-Kymmene,FI0009005987.xlsx
US9029733048,US Bancorp Fund Services,US9029733048.xlsx
US90353T1007,Uber Carshare,US90353T1007.xlsx
US90384S3031,Ulta Beauty,US90384S3031.xlsx
INE481G01011,UltraTech Cement,INE481G01011.xlsx
IT0005239360,UniCredit Group,IT0005239360.xlsx
JP3951600000,Unicharm,JP3951600000.xlsx
GB00B10RZP78,Unilever,GB00B10RZP78.xlsx
TW0003037008,Unimicron Technology,TW0003037008.xlsx
INE692A01016,Union Bank of India,INE692A01016.xlsx
IT0004810054,Unipol Gruppo,IT0004810054.xlsx
CNE100005PN5,United Imaging Healthcare (Shanghai),CNE100005PN5.xlsx
TW0002303005,United Microelectronics,TW0002303005.xlsx
SG1M31001969,United Overseas Bank,SG1M31001969.xlsx
US9113631090,United Rentals,US9113631090.xlsx
INE854D01024,United Spirits,INE854D01024.xlsx
ID1000058407,United Tractors,ID1000058407.xlsx
GB00B39J2M42,United Utilities,GB00B39J2M42.xlsx
US91324P1021,UnitedHealth Group,US91324P1021.xlsx
US9139031002,"Universal Health Services, Inc.",US9139031002.xlsx
NL0015000IY2,Universal Music Group (Brazil),NL0015000IY2.xlsx
MYL5347OO009,Universiti Tenaga Nasional,MYL5347OO009.xlsx
US46284V1017,VA Iron Mountain Healthcare System,US46284V1017.xlsx
CH0311864901,VAT Group,CH0311864901.xlsx
US9256521090,VICI Properties,US9256521090.xlsx
BRVALEACNOR0,Vale,BRVALEACNOR0.xlsx
US91913Y1001,Valero,US91913Y1001.xlsx
INE200M01039,Varun Beverages,INE200M01039.xlsx
INE205A01025,Vedanta Foundation,INE205A01025.xlsx
US9224751084,Veeva Systems,US9224751084.xlsx
US92276F1003,"Ventas, Inc.",US92276F1003.xlsx
FR0000124141,Veolia,FR0000124141.xlsx
US92338C1036,Veralto,US92338C1036.xlsx
AT0000746409,Verbund,AT0000746409.xlsx
US92343E1029,Verisign,US92343E1029.xlsx
US92345Y1064,Verisk,US92345Y1064.xlsx
US92343V1044,Verizon,US92343V1044.xlsx
US92532F1003,Vertex Pharmaceuticals,US92532F1003.xlsx
JP3494600004,Vertical Screen,JP3494600004.xlsx
US92537N1081,Vertiv,US92537N1081.xlsx
DK0061539921,Vestas Wind Systems,DK0061539921.xlsx
BRVBBRACNOR1,Vibra Energia,BRVBBRACNOR1.xlsx
AU000000VCX7,Vicinity Centres,AU000000VCX7.xlsx
FR0000125486,Vinci,FR0000125486.xlsx
US92763W1036,Vipshop US Inc.,US92763W1036.xlsx
US92826C8394,Visa Inc.,US92826C8394.xlsx
US92840M1027,Vistra Energy,US92840M1027.xlsx
BRVIVTACNOR0,Vivo (Telefônica Brasil),BRVIVTACNOR0.xlsx
ZAE000132577,Vodacom Group,ZAE000132577.xlsx
GB00BH4HKS39,Vodafone,GB00BH4HKS39.xlsx
INE669E01016,Vodafone Idea,INE669E01016.xlsx
DE0007664005,Volkswagen Group,DE0007664005.xlsx
INE226A01021,Voltas,INE226A01021.xlsx
TW0006409006,Voltronic Power,TW0006409006.xlsx
SE0000115446,Volvo Cars,SE0000115446.xlsx
DE000A1ML7J1,Vonovia,DE000A1ML7J1.xlsx
US9291601097,Vulcan Materials,US9291601097.xlsx
US92936U1097,W. P. Carey,US92936U1097.xlsx
US0844231029,W. R. Berkley,US0844231029.xlsx
US92939U1060,WEC Energy Group,US92939U1060.xlsx
BRWEGEACNOR0,WEG,BRWEGEACNOR0.xlsx
KYG960071028,WH Group,KYG960071028.xlsx
TW0003702007,WPG Holdings,TW0003702007.xlsx
JE00B8KF9B49,WPP,JE00B8KF9B49.xlsx
CA92938W2022,WSP,CA92938W2022.xlsx
US9297401088,Wabtec,US9297401088.xlsx
MX01WA000038,Walmart,MX01WA000038.xlsx
US9311421039,Walmart Connect,US9311421039.xlsx
TW0002615002,Wan Hai Lines,TW0002615002.xlsx
CNE0000016J9,Wanhua Chemical Group,CNE0000016J9.xlsx
KYG9431R1039,Want Want,KYG9431R1039.xlsx
US9344231041,Warner Bros. Discovery,US9344231041.xlsx
AU000000SOL3,Washington H. Soul Pattinson,AU000000SOL3.xlsx
CA94106B1013,Waste Connections of Canada,CA94106B1013.xlsx
US9426222009,Watsco Electronics,US9426222009.xlsx
CNE1000000D4,Weichai Power,CNE1000000D4.xlsx
US9497461015,Wells Fargo,US9497461015.xlsx
US95040Q1040,Welltower,US95040Q1040.xlsx
AU000000WES1,Wesfarmers,AU000000WES1.xlsx
CA9528451052,West Fraser Timber,CA9528451052.xlsx
JP3659000008,West Japan Railway,JP3659000008.xlsx
US9553061055,West Pharmaceutical Services,US9553061055.xlsx
US9581021055,Western Digital,US9581021055.xlsx
CNE100001D96,Western Security,CNE100001D96.xlsx
AU000000WBC1,Westpac Group,AU000000WBC1.xlsx
US9621661043,Weyerhaeuser,US9621661043.xlsx
HK0004000045,Wharf,HK0004000045.xlsx
CA9628791027,Wheaton Precious Metals,CA9628791027.xlsx
GB00B1KJJ408,Whitbread,GB00B1KJJ408.xlsx
CA96467A2002,Whitecap Resources,CA96467A2002.xlsx
IE00BDB6Q211,Will County,IE00BDB6Q211.xlsx
US9694571004,Williams,US9694571004.xlsx
US9699041011,"Williams-Sonoma, Inc.",US9699041011.xlsx
SG1T56930848,Wilmar Consultancy Services,SG1T56930848.xlsx
CNE000000WD4,WinTime spa,CNE000000WD4.xlsx
CNE000000M72,Wingtech,CNE000000M72.xlsx
INE075A01022,Wipro,INE075A01022.xlsx
GB00BL9YR756,Wise,GB00BL9YR756.xlsx
AU000000WTC3,WiseTech Global,AU000000WTC3.xlsx
TW0003231007,Wistron Information Technology & Services,TW0003231007.xlsx
TW0006669005,Wiwynn,TW0006669005.xlsx
IL0011301780,Wix,IL0011301780.xlsx
NL0000395903,Wolters Kluwer,NL0000395903.xlsx
AU0000224040,Woodside Energy,AU0000224040.xlsx
ZAE000063863,Woolworths Group,ZAE000063863.xlsx
AU000000WOW2,Woolworths Group,AU000000WOW2.xlsx
KR7316140003,Woori,KR7316140003.xlsx
US98138H1014,Workday,US98138H1014.xlsx
AU000000CAR3,World Car Auto Group,AU000000CAR3.xlsx
CNE1000031K4,WuXi AppTec,CNE1000031K4.xlsx
KYG970081173,WuXi Biologics,KYG970081173.xlsx
FI0009003727,Wärtsilä,FI0009003727.xlsx
CNE000000FH0,XCMG,CNE000000FH0.xlsx
KYG982391099,XP Inc.,KYG982391099.xlsx
US0268747849,XP Inc.,US0268747849.xlsx
US98389B1008,Xcel Energy,US98389B1008.xlsx
NZXROE0001S2,Xero Solar,NZXROE0001S2.xlsx
CNE000000WL7,Xiamen C&D,CNE000000WL7.xlsx
CNE000001D15,Xiamen Tungsten,CNE000001D15.xlsx
KYG9830T1067,Xiaomi,KYG9830T1067.xlsx
KYG9829N1025,Xinyi Solar Holdings,KYG9829N1025.xlsx
KYG982AW1003,Xpeng Motors,KYG982AW1003.xlsx
MYL4677OO000,YTL Corporation Berhad,MYL4677OO000.xlsx
MYL6742OO000,YTL Power International,MYL6742OO000.xlsx
CNE0000012J8,YTO Express Group,CNE0000012J8.xlsx
KYG9830F1063,Yadea Technology Group,KYG9830F1063.xlsx
TW0002327004,Yageo,TW0002327004.xlsx
JP3931600005,Yakult Honsha,JP3931600005.xlsx
JP3942800008,Yamaha,JP3942800008.xlsx
TW0002609005,Yang Ming,TW0002609005.xlsx
SG1U76934819,Yangzijiang Shipbuilding Group,SG1U76934819.xlsx
CNE000000WV6,Yankuang,CNE000000WV6.xlsx
SA000A0HNF36,Yansab,SA000A0HNF36.xlsx
TRAYKBNK91N6,Yapi Kredi,TRAYKBNK91N6.xlsx
NO0010208051,Yara,NO0010208051.xlsx
CNE100002PC5,Yealink,CNE100002PC5.xlsx
INE528G01035,Yes Bank,INE528G01035.xlsx
CNE1000048D3,Yihai Kerry Arawana Holdings,CNE1000048D3.xlsx
CNE000000JP5,Yili Group,CNE000000JP5.xlsx
LU2290522684,Yodel by InPost,LU2290522684.xlsx
JP3955000009,Yokogawa,JP3955000009.xlsx
CNE100000XX9,Yonghui Superstores,CNE100000XX9.xlsx
CNE0000017Y6,Yongyou,CNE0000017Y6.xlsx
KR7000100008,Yuhan,KR7000100008.xlsx
US98850P1093,Yum China Holdings,US98850P1093.xlsx
US9884981013,Yum! Brands,US9884981013.xlsx
CNE0000008X7,Yunnan Baiyao Group,CNE0000008X7.xlsx
CNE000000PY4,Yutong Group,CNE000000PY4.xlsx
JP3399310006,ZOZO,JP3399310006.xlsx
CNE000000TK5,ZTE,CNE000000TK5.xlsx
KW0EQ0601058,Zain,KW0EQ0601058.xlsx
DE000ZAL1111,Zalon by Zalando,DE000ZAL1111.xlsx
SA0007879659,ZamZam Grand Suites Makkah,SA0007879659.xlsx
US9892071054,Zebra,US9892071054.xlsx
JP3429300001,Zensho Holdings,JP3429300001.xlsx
CNE100000BJ4,Zhejiang Dahua Technology,CNE100000BJ4.xlsx
CNE100001DJ8,Zhejiang Jingsheng Mechanical & Electrical,CNE100001DJ8.xlsx
CNE100001SP3,Zhejiang and Zhejiang Electric Power Corporation,CNE100001SP3.xlsx
KYG989221000,Zhen Ding Tech. Group,KYG989221000.xlsx
CNE100002R65,Zheshang Securities,CNE100002R65.xlsx
CNE100000V20,Zhi Fei Biological,CNE100000V20.xlsx
KYG9894K1085,Zhongsheng Holding Group,KYG9894K1085.xlsx
CNE100004900,Zhongtai Securities,CNE100004900.xlsx
CNE100000B24,Zijin Mining,CNE100000B24.xlsx
US98954M2008,Zillow,US98954M2008.xlsx
US98956P1021,Zimmer Biomet,US98956P1021.xlsx
US98980L1017,Zoom Communications,US98980L1017.xlsx
CNE000001527,Zoomlion,CNE000001527.xlsx
US98980G1022,Zscaler,US98980G1022.xlsx
CH0011075394,Zurich Insurance,CH0011075394.xlsx
ES0113900J37,Zurich Santander Insurance America,ES0113900J37.xlsx
INE010B01027,Zydus Lifesciences,INE010B01027.xlsx
DE000A1EWWW0,adidas,DE000A1EWWW0.xlsx
NL0010832176,argenx,NL0010832176.xlsx
FR0013280286,bioMérieux,FR0013280286.xlsx
GB0007980591,bp,GB0007980591.xlsx
CH1216478797,dsm-firmenich,CH1216478797.xlsx
US2786421030,eBay,US2786421030.xlsx
TW0003529004,eMemory Technology,TW0003529004.xlsx
US0758871091,embecta,US0758871091.xlsx
CA45075E1043,iA Groupe financier,CA45075E1043.xlsx
CNE100000B81,iFLYTEK,CNE100000B81.xlsx
US5500211090,lululemon,US5500211090.xlsx
PLBRE0000012,mBank,PLBRE0000012.xlsx
IL0011762130,monday.com,IL0011762130.xlsx
INE628A01036,upl Enviromental Engineers,INE628A01036.xlsx
DK0060094928,Ørsted,DK0060094928.xlsx
