Company ISIN,Company Name
US3364331070,1st Solar
CNE1000010N2,37 Interactive
US88579Y1010,3M do Brasil
GB00B1YW4409,3i Group
US0378331005,A is for Apple
KYG2953R1149,AAC
CH0012221716,ABB
INE117A01022,ABB
NL0011540547,ABN AMRO
CNE100004ZD8,ACM Research
AEA006101017,ADCO
SA55SG6H5716,ADES International Holding
AEA007301012,ADNOC Group
AEE01195A234,ADNOC Group
JP3388200002,AEON
JP3112000009,AGC
HK0000069689,AIA Group
IE00BF0L3536,AIB Merchant Services
TH0268010Z03,AIS
JP3102000001,AISIN Group
FR0010220475,ALSTOM
US0079031078,AMD
US0311001004,AMETEK Programmable Power
US02665T3068,AMH
KYG040111059,ANTA
AU000000ANZ3,ANZ
AU000000APA1,APA
CNE100004C45,APT Research
CA00208D4084,ARC Resources
TW0003711008,ASE Global
JP3118000003,ASICS
NL0000334118,ASM
NL0010273215,ASML
TW0002357001,ASUS
AU000000ASX7,ASX
US00206R1023,AT&T
INE949L01017,AU Small Finance Bank
TW0002409000,AUO Crystal
FR0000120628,AXA
US00287Y1091,AbbVie
US0028241000,Abbott
ZAE000255915,Absa
AEA000801018,Abu Dhabi Islamic Bank
CNE100000F87,Accelink Technologies
IE00B4BNMY34,Accenture
ES0125220311,Acciona
FR0000120404,Accor
TW0002345006,Accton Technology
TW0002353000,Acer Group
SA15CGS10H12,Acwa Power
INE423A01024,Adani Infra
INE742F01042,Adani Ports and Special Economic Zone Limited (APSEZ)
INE814H01011,Adani Power
SE0014781795,Addtech
GB00B02J6398,Admiral Group
US00724F1012,Adobe
CNE100003MM9,Advanced Micro-Fabrication Equipment
TW0002395001,Advantech Technologies
JP3122400009,Advantest
NL0012969182,Adyen
BMG0112X1056,Aegon
US0010551028,Aflac Northern Ireland 
US00846U1016,Agilent Technologies
CA0084741085,Agnico Eagle
CNE100000RJ0,Agricultural Bank of China
CNE000001NN0,Air China
US0091581068,Air Products
KYG014081064,AirTAC
US0090661010,Airbnb
TH0765010Z08,Airports of Thailand
US6200763075,Airwave Solutions
JP3119600009,Ajinomoto
US00971T1016,Akamai
TRAAKBNK91N6,Akbank
NO0010345853,Aker BP
KYG0146B1032,Akeso Occupational Health.
NL0013267909,AkzoNobel
KW0EQ0100010,Al Ahli Bank of Kuwait
SA15GG53GHH3,Al Elm Information Security Company
SA0007879055,Al Jazira Bank
SA0007879113,Al Rajhi Banking
ID1000111305,AlamTri
CA0115321089,Alamos Gold
US0130911037,Albertsons Companies
KYG022421088,Alchip
AEA002001013,Aldar Holding
US0152711091,Alexandria Real Estate Equities
SE0000695876,Alfa Laval
MXP000511016,Alfa SA
ID1000128705,Alfamart
KYG017191142,Alibaba Group
US0162551016,Align Technology
SA122050HV19,Alinma Bank
INE540L01014,Alkem Laboratories
IE00BFRT3W74,Allegion
LU2237380790,Allegro
US0188021085,Alliant Energy
DE0008404005,Allianz
US0200021014,Allstate
SA000A0ETHT1,Almarai
US02043Q1076,Alnylam
US8716071076,Alpha Synopsys
US02079K3059,Alphabet (GB)
CA0213611001,AltaGas
KR7196170005,Alteogen
US02209S1033,Altria
CNE1000000T0,Aluminum Corporation of China
ES0109067019,Amadeus
US0231351067,Amazon
MYL1015OO006,Ambank Group
BRABEVACNOR1,Ambev
INE079A01024,Ambuja Cements
JE00BJ1F3079,Amcor (GA)
US0236081024,Ameren
US0255371017,American Electric Power
US0258161092,American Express Global Business Travel
US0259321042,American Financial Group
US0304201033,American Water
AEE01135A222,Americana Restaurants
US0311621009,Amgen
ID1000191109,Amman Minera
KR7090430000,Amore Pacific
US0320951017,Amphenol Network Solutions
FR0004125920,Amundi
MX01AM050019,América Móvil
US0326541051,Analog Devices
CNE0000014G0,Angel Yeast
GB00BTK05J60,Anglo American
GB00BRXH2664,AngloGold Ashanti
BE0974293251,Anheuser-Busch InBev
CNE0000019V8,Anhui Conch Cement
CNE1000047B9,Anker Innovations
US0357108390,Annaly Capital Management
GB0000456144,Antofagasta
IE00BLP1HW54,Aon
US03769M1062,Apollo Global Management
INE702C01027,Apollo Tubes
US03831W1080,AppLovin
US0382221051,Applied Materials
JE00BTDN8H13,Aptiv
SA0007879105,Arab National Bank
US2538681030,Arbor Realty Trust
MX01AC100006,Arca Continental
LU1598757687,ArcelorMittal Nippon Steel India
BMG0450A1053,Arch Capital
US03990B1017,Ares Management
US0404132054,Arista Networks
AU000000ALL7,Aristocrat
FR0010313833,Arkema
JP3116000005,Asahi Kasei
JP3111200006,Asahi Kasei
INE208A01029,Ashok Leyland John Deere Construction Equipment
GB0000536739,Ashtead Group
TW0003017000,Asia Vital Components
INE021A01026,Asian Paints
ZAE000066692,Aspen Pharmacare
GB0006731235,Associated British Foods
JP3942400007,Astellas
ID1000122807,Astra International
GB0009895292,AstraZeneca
INE006I01046,Astral Poly Technik
MXP001661018,Asur
PHY5764J1483,Ateneo de Manila University
SE0017486889,Atlas Copco
US0494681010,Atlassian
US0495601058,Atmos Energy
NZAIAE0002S6,Auckland International Airport
INE406A01037,Aurobindo Pharma
US0533321024,AutoZone
US0527691069,Autodesk Authorized Training Center
KYG066341028,Autohome
US0530151036,Automatic Data Processing Geauga County
GB00BVYVFW23,Autotrader
US0534841012,AvalonBay Communities
US05352A1007,Avantor
US0536111091,Avery Dennison
CNE1000001Y8,AviChina
GB00BPQY8M80,Aviva
CH0023405456,Avolta
MYL6888OO001,Axiata Group
INE238A01034,Axis Bank
US05464C1018,Axon
PHY0488F1004,Ayala Land
PHY0486V1154,Ayala Property Management Corporation
IL0011194789,Azrieli Group
BRB3SAACNOR6,B3
GB0002634946,BAE Systems
JP3778630008,BANDAI NAMCO
DE000BASF111,BASF
GB0002875804,BAT
BRBBSEACNOR5,BB Seguridade
ES0113211835,BBVA
AU000000BHP4,BHP
CH0130293662,BKW
DE0005190003,BMW Group
FR0000131104,BNP Paribas Cardif
SG9999015267,BOC Aviation
CNE100003R64,BOC Group Life Assurance Company
CNE0000016L5,BOE
IT0000066123,BPER Banca
US9100471096,BPP Holdings
BRBRFSACNOR8,BRF
INE118H01025,BSE
GB0030913577,BT Group
BRBPACACNOR7,BTG Pactual
CNE100001526,BYD
HK0285041858,BYD
INE917I01010,Bajaj Auto
INE296A01032,Bajaj Finance
INE918I01026,Bajaj Finserv Health
US05722G1004,Baker Hughes
INE787D01026,Balkrishna Boilers
US0584981064,Ball State University
CH0012410517,Baloise Group
IT0005218380,Banco BPM
BRBBDCACNOR1,Banco Bradesco
PHY077751022,Banco De Oro
ES0113860A34,Banco Sabadell
CLP0939W1081,Banco de Chile
CLP321331116,Banco de Crédito e Inversiones
TH0264A10Z04,Bangkok Dusit Medical Services
SA000A0D9HK3,Bank Albilad
ID1000109507,Bank Central Asia
IL0006625771,Bank Hapoalim
IL0006046119,Bank Leumi le-Israel
ID1000095003,Bank Mandiri
PLBIG0000016,Bank Millennium
ID1000096605,Bank Negara Indonesia
CNE100002G76,Bank Of Jiangsu
PLPEKAO00016,Bank Pekao SA
ID1000118201,Bank Rakyat
US0605051046,Bank of America Merchant Services
INE028A01039,Bank of Baroda
CNE100000734,Bank of Beijing
CNE100003F50,Bank of Changsha
CNE100002SN6,Bank of Chengdu
CNE1000017G1,Bank of China
CNE1000048J0,Bank of China
CNE000001N05,Bank of China
CNE1000000S2,Bank of Communications
IE00BD1RP616,Bank of Ireland
CNE1000005P7,Bank of Ningbo
CNE100003LQ2,Bank of Suzhou
PHY0967S1694,Bank of the Philippine Islands
ES0113679I37,Bankinter
MXP370711014,Banorte
SA0007879782,Banque Bemo Saudi Fransi
CA6330671034,Banque Nationale du Canada/National Bank of Canada
CNE000000C66,Baosight
GB0031348658,Barclays
GB0000811801,Barratt Redrow
CA06849F1080,Barrick Mining
CH0009002962,Barry Callebaut
QA000A0KD6J5,Barwa
US0718131099,Baxter Regional Medical Center
DE000BAY0017,Bayer
DE0005200000,Beiersdorf
SE0015949748,Beijer Ref
HK0392044647,Beijing Enterprises
BMG0957L1090,Beijing Enterprises Water Group
CNE100001617,Beijing Heping Media
CNE100001YF2,Beijing Kunlun
CNE100000CS3,Beijing Oriental Yuhong Waterproof Technology
CNE000000R69,Beijing Tongrentang
US2441991054,Bennett Tueller Johnson & Deere
US0846707026,Berkshire Hathaway HomeServices
US0865161014,Best Buy
CA05534B7604,Best Buy Express
CNE100005XM1,Bestechnic
INE263A01024,Bharat Electronics
INE257A01026,Bharat Heavy Electricals
INE029A01011,Bharat Petroleum
INE397D01024,Bharti Airtel
ZAE000216537,Bid
ZAE000117321,Bidvest
KYG1098A1013,Bilibili
US09061G1013,BioMarin Pharmaceutical
US09062X1037,Biogen
US58155Q1031,Biologics by McKesson
US09290D1019,Blackrock Neurotech
US09260D1072,Blackstone Products
US8522341036,Block
AU000000BSL0,BlueScope
FR0000039299,Bolloré
US09857L1089,Booking Holdings
US0995021062,Booz Allen Hamilton
KYG126521064,Bosideng
US1011371077,Boston Scientific
KW0EQ0102065,Boubyan Bank
FR0000120503,Bouygues Immobilier
AU000000BXB1,Brambles Café
BRBBASACNOR3,Brasil Brokers
DE000A1DAHH0,Brenntag
JP3830800003,Bridgestone Global
CNE000001QZ7,Bridgestone Industrial Products
US1101221083,Bristol Myers Squibb
INE216A01030,Britannia Industries Limited
US11133T1034,Broadridge
CA1130041058,Brookfield
CA11271J1075,Brookfield Renewable
CA11285B1085,Brookfield Renewable
US1152361010,Brown
US1156372096,Brown-Forman
BE0003797140,Bruxelles Lambert
PLBUDMX00013,Budimex
US12008R1077,Builders FirstSource
TH0168A10Z01,Bumrungrad International Hospital
CH1300646267,Bunge
GB00B0744B38,Bunzl
SA1210540914,Bupa
FR0006174348,Bureau Veritas
US1258961002,Burlington Stores
US1220171060,Burlington Stores
US1255231003,Burlington Stores
TREBIMM00018,BİM Birleşik Mağazalar
US12541W2098,C.H. Robinson
CA1247651088,CAE
US1468691027,CARVANA
US12504L1098,CBRE
PLCCC0000016,CCC Group
CA1249003098,CCL Industries
PLOPTTC00011,CD PROJEKT RED
US12514G1085,CDW
MXP225611567,CEMEX
CZ0005112300,CEZ
US1252691001,CF Industries
INE067A01029,CG Power and Industrial Solutions
CA12532H1047,CGI
CNE100003N43,CGN Global
COTK7PA00010,CIBEST
MYL1023OO000,CIMB Group
CNE000001DB6,CITIC Group
CNE0000008J6,CITIC Group
KR7097950000,CJ Group
KYG2177B1014,CK Asset
KYG217651051,CK Hutchison Holdings
HK0002007356,CLP Holdings
US12572Q1058,CME Group
CNE100001NR0,CMOC Brasil
CL0000001314,CMPC
CA1363751027,CN
CNE1000049X9,CNGR Advanced Material
NL0010545661,CNH Industrial
CNE100003L78,CNOOC SES
JP3305990008,CONCORDIA
BRCPLEACNOR8,COPEL
CNE000001BD6,COSCO Shipping
CNE100000601,COSCO Shipping
TH0737010Y08,CP ALL
THC450010002,CP Axtra Public Company
BRCPFEACNOR0,CPFL Energia
CA13646K1084,CPKC
IE0001827041,CRH
CNE100000CP9,CRRC Tangshan
AU000000CSL8,CSL
HK1093012172,CSPC Pharmaceutical Group
US1264081035,CSX
US1266501006,CVS
US1273871087,Cadence
CNE100002V44,Caitong Securities
ES0140609019,CaixaBank
CNE1000041R8,Cambricon
US1331311027,Camden Property Trust
CA13321L1085,Cameco
NL0015435975,Campari Group
CA1363851017,Canadian Natural
CA1366812024,Canadian Tire
CA1367178326,Canadian Utilities
INE476A01022,Canara Bank
JP3242800005,Canon
JP3218900003,Capcom
FR0000125338,Capgemini Invent
SGXE62145532,CapitaLand
ZAE000035861,Capitec Bank
US1423391002,Carlisle Companies
INE020B01018,Carmel Clay Parks & Rec
PA1436583006,Carnival Support Services India
FR0000120172,Carrefour
US14448C1045,Carrier
CA82509L1076,Carson Shopify
TW0002474004,Catcher Technology
TW0002882008,Cathay Financial Holding
US12503M1080,Cboe
MYL6947OO005,Celcom
CA15101Q2071,Celestica
ES0105066007,Cellnex Telecom
KR7068270008,Celltrion
US03073E1055,CenCore
CL0000000100,Cencosud
CA15135U1093,Cenovus
US15135B1017,Centene
US15189T1079,CenterPoint Energy
BRELETACNOR6,Centra Health
JP3566800003,Central Japan Railway
TH0481B10Z00,Central Pattana
GB00B033F229,Centrica
KYG202881093,Chailease Holding
ID1000090301,Chandra Asri Petrochemical (CAP)
TW0002801008,Chang Hwa Bank
CNE0000007J8,Changchun Gas
CNE000000GJ4,Changhong Electric
CNE000000SH3,Changjiang Securities
CNE1000011H2,Changzhou Xingyu Automotive Lighting Systems
CNE100001Y42,Chaozhou Three Circle(Group)
US8085131055,Charles Schwab
TH0101A10Z01,Charoen Pokphand Foods
ID1000117708,Charoen Pokphand Indonesia
US16119P1084,Charter Communications
US46625H1005,Chase
IL0010824113,Check Point Software Technologies
MX01CH170002,Chedraui
US16411R2085,Cheniere Energy
BMG2178K1009,Cheung Kong Infrastructure
US1667641005,Chevron
JP3511800009,Chiba Bank
TW0002610003,China Airlines
CNE1000002G3,China CITIC Bank
CNE1000000R4,China CITIC Bank
CNE100000957,China Coal Energy
CNE100000742,China Construction Bank
CNE000000TR0,China Eastern Airlines
CNE100004QL0,China Energy Engineering
CNE100000SL4,China Everbright Bank
BMG2109G1033,China Gas Holdings
CNE000001Q93,China Life Insurance
KYG2121R1039,China Literature
KYG210961051,China Mengniu Dairy
CNE100000HK9,China Merchant Securities
CNE000001PQ8,China Merchants
HK0144000764,China Merchants
CNE000001B33,China Merchants Bank
CNE100002FC6,China Merchants Shekou Industrial Zone Holdings
CNE0000015Y0,China Minsheng Banking
CNE100000KC0,China National Chemical Engineering
CNE000001BB0,China National Software & Service
CNE100000759,China Oilfield Services
HK0688002218,China Overseas Land & Investment
CNE1000008M8,China Pacific Insurance
HK2380027329,China Power
CNE100000866,China Railway Group
KYG2122G1064,China Resources (Holdings)
KYG2108Y1052,China Resources Land
BMG2113B1081,China Resources Logic
HK0836012952,China Resources Power
CNE1000031T5,China Securities
CNE100000767,China Shenhua Energy
CNE000001FG0,China Southern Airlines
KYG216771363,China State Construction Development Holdings
CNE000000W05,China State Shipbuilding
TW0002002003,China Steel Machinery Corporation
HK0000055878,China Taiping Insurance Group
CNE100006V65,China Tower
HK2388011192,China Travel Hong Kong
CNE0000000T2,China Vanke
CNE100000KW8,China XD Group
CNE000001G87,China Yangtze Power
CNE100003PS9,China Zheshang Bank
TW0002891009,Chinatrust Financial Holding
US1696561059,Chipotle
INE121A01024,Cholamandalam
CNE000000R36,Chongqing Changan Automobile
CNE100003NZ9,Chongqing Rural Commercial Bank
KYG211461085,Chow Tai Fook Jewellery
CH0044328745,Chubb Fire & Security
JP3526600006,Chubu Electric Power
JP3519400000,Chugai Pharmaceutical
TW0002412004,Chunghwa Telecom
US1713401024,Church & Dwight
US1720621010,Cincinnati
US1729081059,Cintas
INE059A01026,Cipla
US17275R1023,Cisco Air Systems
US1729674242,Citi
HK0267001375,Citic Bank International
US1746101054,Citizens
ZAE000134854,Clicks Group
US18915M1071,Cloudflare
CNE000000MS3,Cnpc
US22160N1090,CoStar Group
INE522F01014,Coal India
US1912161007,Coca Cola Andina
GB00BDCPN049,Coca-Cola Europacific Partners
CH0198251305,Coca-Cola HBC
TRECOLA00011,Coca-Cola İçecek
AU000000COH5,Cochlear
US5949181045,Cognizant Microsoft Business Group
US1924461023,Cognizant Technology Solutions
US19260Q1076,Coinbase
AU0000030678,Coles Group
INE259A01022,Colgate Palmolive India
US1941621039,Colgate-Palmolive
DK0060448595,Coloplast
US20030N1019,Comcast
QA0007227752,Commercial Bank of Qatar
QA000A0KD6K3,Commercial Bank of Qatar
EGS60121C018,Commercial International Bank
DE000CBK1001,Commerzbank
AU000000CBA7,Commonwealth Bank of Australia
TW0002324001,Compal Electronics
GB00BD6K4575,Compass Group
AU000000CPU5,Computershare
US2091151041,Con Edison
US2058871029,Conagra Brands
US20825C1045,ConocoPhillips
ES0177542018,Consolidated Nuclear Security
US21036P1084,Constellation Brands
US21037T1097,Constellation Energy
CA21037X1006,Constellation Software
NZCENE0001S6,Contact Energy
CNE100003662,Contemporary Amperex Technology
DE0005439004,Continental
SA000A0DPSH3,Coop
US2166485019,Cooper University Health Care
US2172041061,Copart
CLP7847L1080,Copec
US21871X1090,Corebridge Financial
US2193501051,Corning-Painted Post Area Schools
INE169A01031,Coromandel
US2199481068,Corpay
US22052L1044,Corteva Agriscience
US22160K1051,Costco Wholesale
US1270971039,Coterra Energy
CA01626P1484,Couche-Tard
DE000A40KY26,Covestro
FR0000064578,Covivio
BMG2519Y1084,Credicorp
GB00BJFFLV09,Croda
US22788C1053,CrowdStrike
US2283681060,Crown
US22822V1017,Crown Castle
FR0000045072,Crédit Agricole d'Ile de France
US2310211063,Cummins-Wagner
IL0011334468,CyberArk
US89400J1079,D&B TransUnion ADC
BE0974259880,D'Ieteren
US23331A1097,D.R. Horton
KR7005830005,DB INSURANCE
SG1L01001701,DBS Bank
JP3551500006,DENSO
US2533931026,DICK'S Sporting Goods
CH0024608827,DKSH Holding
INE271C01023,DLF
NO0010161896,DNB
DK0060079531,DSV
US2333311072,DTE Energy
US23918K1088,DaVita
INE016A01026,Dabur India Limited
JP3493800001,Dai Nippon Printing
JP3476480003,Dai-ichi Life Holdings
JP3497400006,Daifuku
JP3475350009,Daiichi Sankyo
JP3481800005,Daikin
DE000DTR0CK8,Daimler Truck AG
JP3486800000,Daito Trust Construction
JP3505000004,Daiwa House Industry
JP3502200003,Daiwa Securities Group
US2358511028,Danaher and Walsh Group
FR0000120644,Danone
DK0010274414,Danske Bank
US2371941053,Darden
FR0014004L86,Dassault Aviation
FR0014003TT8,Dassault Systèmes
US23804L1035,Datadog
US2435371073,Deckers Brands
US24703L2025,Dell Technologies
US2473617023,Delta Air Lines
TW0002308004,Delta Electronics
TH0528A10Z06,Delta Electronics Thailand
DK0060738599,Demant
JP3551520004,Dentsu
CNE1000033C7,Desay SV Automotive
CA2499061083,Descartes Systems
DE0005140008,Deutsche Bank
DE0005810055,Deutsche Börse Group
DE0005552004,Deutsche Post
DE0005557508,Deutsche Telekom
US25179M1036,Devon Energy
US2521311074,Dexcom
IT0003492391,DiaSorin
GB0002374006,Diageo
US25278X1090,Diamondback Energy
PLDINPL00011,Dino Polska
JP3548600000,Disco
ZAE000022331,Discovery (South Africa)
INE361B01024,Divis
INE935N01020,Dixon Technology
US2561631068,Docusign
US2566771059,Dollar General
US2567461080,Dollar Tree
CA25675T1075,Dollarama
US25746U1097,Dominion Energy
US25754A2015,Domino's
CNE000000J28,Dongfang Electric
CNE100002177,Dongxing Securities
US25809K1051,DoorDash
KR7241560002,Doosan
KR7034020008,Doosan
US2600031080,Dover Fueling Solutions
US2605571031,Dow
INE089A01031,Dr. Reddy's
SA1510P1UMH1,Dr. Sulaiman Al-Habib Medical Group
US26142V1052,DraftKings
US26614N1028,DuPont
AED000201015,Dubai Islamic Bank
US26441C2044,Duke Energy
QA000B982PM1,Dukhan Bank
US2681501092,Dynatrace
DE000ENAG999,E.ON
US35137L1052,E.S. Fox
TW0002884004,E.Sun
CNE1000031N8,ECOVACS Robotics
PTEDP0AM0009,EDP
BREMBRACNOR4,EMBRAER
US29084Q1004,EMCOR Group (UK)
CH0016440353,EMS-CHEMIE
JP3386450005,ENEOS Group
FR0010208488,ENGIE
BREGIEACNOR9,ENGIE
CNE000000DG7,ENN Group
KYG3066L1014,ENN Natural Gas
US26875P1012,EOG
US26884L1098,EQT Corporation
SE0012853455,EQT Group
TW0002618006,EVA Air
CNE100000GS4,EVE Energy
DE0005470306,EVENTIM
NL0012059018,EXOR
JP3783600004,East Japan Railway
EGS37091C013,Eastern Michigan University
CNE100000MD4,Eastmoney Security
IE00B8KQN827,Eaton Alliance
TW0001476000,Eclat Textile
US2788651006,Ecolab
KR7247540008,Ecopro (South Korea)
KR7086520004,Ecopro (South Korea)
TRAEREGL91G3,Edemir
FR0010908533,Edenred
US2810201077,Edison International
US28176E1082,Edwards Lifesciences
INE066A01021,Eicher Motors
CA0636711016,Eidos Montreal
FR0000130452,Eiffage Immobilier
IL0010811243,Elbit Systems
US2855121099,Electronic Arts
CA2861812014,Element Fleet Management
US0367521038,Elevance Health
US5324571083,Eli Lilly and Company
BE0003822393,Elia
FI0009007884,Elisa Corporation
TW0002383007,Elite Material
AEE001901017,Emaar Properties
AEE000301011,Emaar Properties
CA2908761018,Emera
US2910111044,Emerson
AEE000801010,Emirates NBD
CA2918434077,Empire (Canada)
CNE100005GY1,Empyrean
CA29250N1050,Enbridge
ES0130670112,Endesa S.A.
CL0002266774,Enel
IT0003128367,Enel X Way
BRENGIACNOR0,Energisa
HK0006000050,Energy Assets
BRENEVACNOR8,Eneva
IT0003132476,Eni Spa
IM00B5VQMV65,Entain
US29364G1031,Entergy
CNE100002615,Eoptolink Technology
SE0015658109,Epiroc
BREQTLACNOR0,Equatorial Marine Fuel Management Services
US2944291051,Equifax
US29444U7000,Equinix
NO0010096985,Equinor
US29452E1010,Equitable
US29472R1086,Equity LifeStyle Properties
US29476L1070,Equity Residential
US29530P1021,Erie Insurance Group
DE000A2E4K43,Error reading file
AT0000652011,Erste Group
US29670G1022,Essential Utilities
US2971781057,Essex Property Trust
FR0000121667,EssilorLuxottica
SE0009922164,Essity
US5184391044,Estée Lauder UK
INE758T01015,Eternal
SA000A0DM9P2,Etihad Atheeb Telecom
AEE000401019,Etisalat
FR0000121121,Eurazeo
GRS323003012,Eurobank SA
NL0006294274,Euronext Securities (Oslo)
CNE100000FD8,Everbright Securities
BMG3223R1088,Everest Group
TW0002603008,Evergreen Marine
US30034W1062,Evergy
US30040W1080,Eversource Energy
SE0012673267,Evolution
AU000000EVN4,Evolution Mining
DE000EVNK013,Evonik
US30161N1019,Exelon PowerLabs
US1651677353,Expand Energy
US30212P3038,Expedia Group
US3021301094,Expeditors
GB00B19NLV48,Experian
US30225T1025,Extra Space Storage
US30231G1022,ExxonMobil
US3156161024,F5
JP3802400006,FANUC
FR0013451333,FDJ UNITED
US1912411089,FEMSA
MXP320321211,FEMSA
US31620M1062,FIS
KR7021240007,FM Conway
CNE000001KK2,FOCUS (UK)
JP3814000000,FUJIFILM
JP3811000003,FUJIKURA COMPOSITES (Japan)
US3030751057,FactSet
CA3039011026,Fairfax Financial Holdings
CLP3880F1085,Falabella
TW0004904008,Far EasTone
HK0000077468,Far East Horizon
JP3802300008,Fast Retailing
US9113121068,Fast UK Parcel
US3119001044,Fastenal
US31428X1063,FedEx Custom Critical
KYG2121Q1055,Feihe International
TW0009910000,Feng Tay Enterprises
US31488V1070,Ferguson
NL0011585146,Ferrari (Italy)
NL0015001FS8,Ferrovial
US31620R3030,Fidelity National Financial
IT0000072618,Fideuram Intesa Sanpaolo Private Banking
US3167731005,Fifth Third
IT0000072170,FinecoBank
AEN000101016,First Abu Dhabi Bank
US31946M1036,First Citizens Bank
US3379321074,First Energy
TW0002892007,First Financial Holding
CA3359341052,First Quantum Minerals
ZAE000066304,FirstRand
CA33767E2024,FirstService
US3377381088,Fiserv
KYG4232C1087,Flatbush Haitian Center
IE00BWT6H894,Flutter Entertainment
US3453708600,Ford Motor Company (UK)
TRAOTOSN91H6,Ford Otosan
TW0001301000,Formosa Plastics
AU000000FMG4,Fortescue
US34959E1091,Fortinet
CA3495531079,Fortis
FI0009007132,Fortum
TW0001519007,Fortune Electric
HK0656038673,Fosun
CNE000000X38,Fosun
CNE1000015Y8,Founder Securities
CNE1000031P3,Foxconn Industrial Internet
CA3518581051,Franco-Nevada
US35671D8570,Freeport-McMoRan
DE0005785604,Fresenius
DE0005785802,Fresenius
TW0002881000,Fubon Financial
JP3820000002,Fuji Electric
JP3818000006,Fujitsu
US36118L1061,Futu
CNE000000230,Fuyao Group
CNE100003RK2,Fuzhou Rockchip
INE129A01019,GAIL
KYG3774X1088,GCL
US36266G1076,GE HealthCare
US36828A1016,GE Vernova
DE0006602006,GEA Group
FR0010040865,GECINA
CNE0000008L2,GF Securities
CA36168Q1046,GFL Environmental
INE776C01039,GMR Group
GB00BN7SWP63,GSK
HK0027032686,Galaxy Entertainment
CNE100002FG7,Galaxy Securities
CNE100004PM0,Galaxycore
CH1335392721,Galderma
US3635761097,Gallagher
PTGAL0AM0009,Galp
MYL5398OO002,Gamuda
CNE100000SF6,GanfengLithium
CH0114405324,Garmin
US3666511072,Gartner
CH0030170408,Geberit
HU0000123096,Gedeon Richter
KYG3777B1032,Geely Automobile
CNE100000KT4,Gem
US6687711084,Gen
KYG3825B1059,GenScript
US3695501086,General Dynamics NASSCO
US3703341046,General Mills Foodservice
US37045V1008,General Motors (GM)
IT0000062072,Generali
DK0010272202,Genmab
MYL3182OO002,Genting Plantations
SGXE21576413,Genting Singapore
CA9611485090,George Weston
BRGGBRACNOR1,Gerdau
FR0010533075,Getlink
TW0002376001,Giga-Byte Technology
CA3759161035,Gildan
US3755581036,Gilead Sciences
CH0010645932,Givaudan
NO0010582521,Gjensidige Forsikring
JE00B4T3BW64,Glencore
US37940X1028,Global Payments
AU000000IAG3,Global Reach (Aus)
TW0003443008,Global Unichip Corporation
TW0006488000,GlobalWafers
US3802371076,GoDaddy
ID1000166903,GoTo Group
INE102D01028,Godrej Consumer Products
INE484J01027,Godrej Properties
CNE100000BP1,GoerTek
CNE1000010F8,Gold Fields
ZAE000018123,Gold Fields
US38141G1040,Goldman Sachs
CNE1000008S5,Goldwind Global
CNE100003RL0,Goneo
CNE100002G84,Goodix
AU000000GMG2,Goodman Group
CNE000001NY7,Gotion
KYG4124C1096,Grab
US3841091040,Graco Oilfield Services
US3848021040,Grainger
IN9047A01029,Grasim Industries
CNE1000018V8,Great Wall Motor Company
CNE100003GD0,Great Wall Securities
CA39138C1068,Great-West Lifeco
CNE0000001D4,Gree Electrical Appliances
ES0171996087,Grifols
FR0010340141,Groupe ADP
MXP4948K1056,Gruma
US94106L1098,Grundon Waste Management
ES0167050915,Grupo ACS
MX01OM000018,Grupo Aeroportuario del Centro Norte
MXP495211262,Grupo Bimbo
MXP370841019,Grupo México
HK0270001396,Guangdong Investment
CNE100001NQ2,Guangzhou Automobile Group
CNE000001733,Guangzhou Baiyunshan Pharmaceutical Holdings
CNE100001RG4,Guangzhou Tinci Materials Technology
KW0EQ0100028,Gulf Bank
US4592001014,Gulf Business Machines
THC903010013,Gulf Marketing Group
CNE100001WS9,Guosen Securities
CNE000000QZ9,Guoyuan Securities
KYG465871120,H World Group
SE0000106270,H&M
KR7042700005,HANMI Semiconductor
US40412C1018,HCA Healthcare UK
INE860A01027,HCL
KR7329180004,HD Hyundai Heavy Industries
KR7267250009,HD Hyundai Infracore
INE127D01025,HDFC Asset Management Company
INE040A01034,HDFC Bank
CNE000001303,HG Tech
JP3160400002,HI-Eisai Pharmaceutical
CNE0000016H3,HLA
KR7028300002,HLB Pharma
GB0005405286,HSBC
CNE000000M15,HUAYU Automotive Systems
KR7352820005,HYBE
KYG4290A1013,HaiDiLao Hotpot
CNE000000CG9,Haier Group
CNE0000011C5,Hainan Nongken Investment Holding Group
GB00BMX86B70,Haleon
US4062161017,Halliburton
GB0004052071,Halma
KR7086790003,Hana Financial Group
HK0011000095,Hang Seng Bank
KR7161390000,Hankook Tire
JP3774200004,Hankyu Hanshin Holdings
DE0008402215,Hannover RE
KYG549581067,Hansoh Bio
KR7042660001,Hanwha Group
KR7012450003,Hanwha Group
KR7272210006,Hanwha Systems
ZAE000015228,Harmony Gold
US0235865062,Haul
INE176B01034,Havells India
INE795G01014,Hdfc
US42250P1030,Healthpeak Properties
US4228061093,Heico Construction Group 
DE0006047004,Heidelberg Materials
NL0000008977,Heineken Holding
GRS260333000,Hellenic Telecommunications
CH0466642201,Helvetia Group
CNE0000012G4,Henan Guanghui Accounting Service
HK0012000102,Henderson Land Development
KYG4402L1510,Hengan
CNE0000018V0,Hengli Petrochemical
CNE000001FQ9,Hengtong Group
DE0006048408,Henkel
FR0000052292,Hermès
INE158A01026,Hero MotoCorp
US4278661081,Hershey Entertainment & Resorts
US40434L1052,Hewlett Packard Enterprise | HPE
SE0015961909,Hexagon Purus
JP3783420007,Hikari Tsushin
GB00B0LCW083,Hikma
US43300A2033,Hilton
INE038A01020,Hindalco
INE066F01020,Hindustan Aeronautics
INE094A01015,Hindustan Petroleum
INE030A01027,Hindustan Unilever
CNE100000JG3,Hithink RoyalFlush Information Network
CH0012214059,Holcim
US4364401012,Hologic
TH0661010007,HomePro
JP3854600008,Honda
US4385161066,Honeywell
HK0388045442,Hong Kong Exchanges
MYL5819OO007,Hong Leong Bank
BMG4587L1090,Hongkong Land
US4404521001,Hormel
JP3845770001,Hoshizaki
TW0002207008,Hotai Motor
US4432011082,Howmet Aerospace
JP3837800006,Hoya
TW0002880002,Hua Nan Financial Holdings
CNE000001LJ2,Huadian Power
CNE000001998,Huaneng Power
CNE100006M82,Huaqin Telecom Technology
CNE100000LQ8,Huatai Securities
CNE000001FW7,Huaxia
CNE100001VW3,Huayou Cobalt
US4435731009,HubSpot
US4435106079,Hubbell Realty
US4448591028,Humana
CNE000001GD5,Hundsun
US1491231015,Hungry Caterpillar Day Nurseries
US4461501045,Huntington Bank
US4485791028,Hyatt
CA4488112083,Hydro One
KR7086280005,Hyundai Glovis
KR7012330007,Hyundai Mobis
KR7005380001,Hyundai Motor
INE0V6F01027,Hyundai Motor India
KR7064350002,Hyundai Rotem
INE090A01021,ICICI Bank
INE765G01017,ICICI Lombard General Insurance Company Limited
INE726G01019,ICICI Prudential Life Insurance
CNE100005VG7,ICICI Securities
IL0002810146,ICL Group
US45167R1041,IDEX Consulting
US45168D1046,IDEXX Laboratories
INE092T01019,IDFC FIRST Bank
CA4495861060,IGM Financial
GB00BHJYC057,IHG Hotels and Resorts
MYL5225OO007,IHH Healthcare
JP3134800006,IHI
NL0010801007,IMCD Group
NL0011821202,ING
TW0003481008,INNOLUX
JP3294460005,INPEX
MYL1961OO001,IOI Corporation
FR0010259150,IPSEN
US46266C1053,IQVIA
INE335Y01020,IRCTC
COE15PA00026,ISA (Columbia)
INE154A01025,ITC
US4523081093,ITW Pro Brands
ES0144580Y14,Iberdrola
JP3142500002,Idemitsu Kosan
US4523271090,Illumina
GB0004544929,Imperial Brands
CA4530384086,Imperial Oil
ZAE000083648,Implats
MXP370641013,Inbursa
US45337C1027,Incyte Diagnostics
INE242A01010,IndianOil Skytanking
ES0148396007,Inditex
ID1000116700,Indofood
ID1000057003,Indofood
INE121J01017,Indus Towers Limited
INE095A01012,IndusInd Bank
KR7024110009,Industrial Bank of Korea
CNE100000V95,Industrial Securities
CNE000001P37,Industrial and Commercial Bank of China
SE0001515552,Indutrade
DE0006231004,Infineon Technologies
INE663F01032,Info Edge
GB00BMJ6DW54,Informa
INE009A01021,Infosys
US45687V1061,Ingersoll Rand
TW0008069006,Ink
CNE0000017H1,Inner Mongolia BaoTou Steel
KYG4818G1010,Innovent Biologics
CNE0000012M2,Inspur Electronic Information Industry
US45784P1012,Insulet Corporation
CA45823T1066,Intact
US45841N1072,Interactive Brokers
US45866F1049,Intercontinental Exchange
INE646L01027,Interglobe Aviation
PHY411571011,"International Container Terminal Services, Inc."
TW0003293007,International Games System
US4601461035,International Paper
GB0031638363,Intertek
US4612021034,Intuit Technologies
US46120E6023,Intuitive
TW0002356003,Inventec
SE0015811963,Investor AB
US46187W1071,Invitation Homes
TRAISCTR91N2,Isbank
JP3137200006,Isuzu
BRITUBACNOR4,Itaú Unibanco (Itaú BBA e Rede)
BRITSAACNOR0,Itaúsa
CA46579R1047,Ivanhoe Mines
KYG4990A1040,J&T Express
US4456581077,J.B. Hunt Transport
CNE100000SD1,JA Solar
CNE000001F05,JCET Group
GB00BM8Q5M07,JD Group
KYG5074A1004,JD Group
KYG5074S1012,JD Logistics
KYG8208B1014,JD.com
NL0014332678,JDE Peet’s
JP3386030005,JFE Holdings
US08265T2087,JN Bentley
INE121E01018,JSW Ispat Steel
INE019A01038,JSW Steel
JP3726800000,JTI - Japan Tobacco International
SA000A0MR864,Jabal Omar Development
US4663131039,Jabil
US4262811015,Jack Henry & Associates
US46982L1089,Jacobs
JP3705200008,Japan Airlines
JP3183200009,Japan Exchange Group
JP3946750001,Japan Post
JP3752900005,Japan Post
JP3233250004,Japan Post
BMG507361001,Jardine Matheson
SA000A0BLA62,Jarir Bookstore
CNE0000014W7,Jiangsu Hengrui Medicine
CNE0000019P0,Jiangxi Copper
INE220G01021,Jindal Stainless
INE749A01030,Jindal Steel & Power
CNE100005R96,JinkoSolar
INE758E01017,Jio
US79466L3024,Jobs in Salesforce
US4781601046,Johnson
IE00BY7QL619,Johnson Controls
JP3788600009,Johnson Controls–Hitachi Air Conditioning
PHY4466S1007,Jollibee
INE797F01020,Jubilant FoodWorks
CH0102484968,Julius Baer
GRS282183003,Jumbo
CNE100001ZY0,Juneyao Airlines
US48203R1041,Juniper Networks
CNE000000YM1,"Jushi Group Co., Ltd"
PTJMT0AE0001,Jéronimo Martins
TH0016010009,KASIKORNBANK
KR7105560007,KB Electronics
BE0003565737,KBC
JP3496400007,KDDI
KYG5223Y1089,KE Holdings
PLKGHM000017,KGHM Polska Miedz
TW0002883006,KGI Securities
US48251W1045,KKR
US4824801009,KLA Laboratories
FI0009013403,KONE
NL0000009082,KPN
KR7033780008,KT&G
JP3210200006,Kajima
KR7323410001,Kakao Bank
KR7035720002,Kakao Games
ID1000125107,Kalbe Farma
INE303R01014,Kalyan Jewellers 
JP3228600007,Kansai Electric
JP3205800000,Kao Corporation
JP3223800008,Kawasaki Kisen
US4878361082,Kellanova
CNE100000PW7,Kelun Group
US49177J1025,Kenvue
SG1U68934629,Keppel Seghers
FR0000121485,Kering
IE0004906560,Kerry
FI0009000202,Kesko
US49271V1008,Keurig Dr Pepper
JP3236200006,Keyence
CA4932711001,Keyera
US49338L1035,Keysight Technologies UK
KR7000270009,Kia Motors
JP3240400006,Kikkoman
US4943681035,Kimberly-Clark de México
MXP606941179,Kimberly-Clark de México
US49446R1095,Kimco Realty
US49456B1017,Kinder Morgan
KYG525681477,Kingdee
GB0033195214,Kingfisher Foods
KYG5264Y1089,Kingsoft
CNE100003PM2,Kingsoft
IE0004927939,Kingspan
CA4969024047,Kinross Gold
JP3258000003,Kirin Holdings Company
BRKLBNACNOR2,Klabin
FR0000121964,Klépierre
US5486611073,Knight's Companies
DE000KBX1006,Knorr-Bremse
JP3304200003,Komatsu
CZ0008019106,Komerční banka
JP3300200007,Konami
NO0013536151,Kongsberg Gruppen
KR7047810007,Korea Aerospace Industries
KR7015760002,Korea Electric Power
KR7071050009,Korea Investment
KR7010130003,Korea Zinc
KR7003490000,Korean Air
INE237A01028,Kotak Mahindra Bank
TRAKCHOL91Q8,Koç
US5007541064,Kraft Heinz
KR7259960003,Krafton
US5010441013,Kroger
KYG532631028,Kuaishou Technology
MYL2445OO004,Kuala Lumpur Kepong
CNE1000018P0,Kuang-Chi Institute of Advanced Technology
JP3266400005,Kubota
CH0025238863,Kuehne+Nagel
BMG5320C1082,Kunlun International Financial
KW0EQ0100085,Kuwait Finance House
JP3249600002,Kyocera Intelligence
JP3256000005,Kyowa Kirin
FR0000120321,L'Oréal
US5024311095,L3Harris
CL0000000423,LATAM
CNE1000015M3,LB Group
DE000LEG1110,LEG Immobilien
CNE100001YW7,LENS (MI)
KR7051910008,LG Chem
KR7003550001,LG Chem
KR7034220004,LG Display
KR7066570003,LG Electronics
KR7051900009,LG Group
KR7373220003,LG Group
KR7011070000,LG Innotek
KR7032640005,LG U+
US5018892084,LKQ Pick Your Part
CNE100001FR6,LONGI
TW0003533006,LOTES
US50212V1008,LPL
PLLPP0000011,LPP
HK0992009065,LPS
KR7010120004,LS ELECTRIC
GB00B0SWJX34,LSEG (London Stock Exchange Group)
INE214T01019,LTIMindtree
FR0000121014,LVMH
JP3933800009,LY (Japan)
US5049221055,Labcorp
US5128073062,Lam Research
GB00BYW0PQ60,Landsec
TW0003008009,Largan Precision
INE018A01030,Larsen & Toubro
US5178341070,Las Vegas Sands
JP3979200007,Lasertec
GB0005603997,Legal & General Modular Homes
US52490G1022,Legend Biotech
FR0010307819,Legrand
US5253271028,Leidos
US5260571048,Lennar
US5261071071,Lennox International ( CA)
IT0003856405,Leonardo
KYG5479M1050,Li Auto
KYG5496K1242,Li Ning
CNE100000X77,LiaoNing Port Group
US5312297550,Liberty
IE000S9YS762,Linde
CH0010570767,Lindt & Sprüngli
CNE1000015L5,Lingyi iTech
HK0823032773,Link Reit
TW0002301009,Lite-On Technology
US6821891057,Lite-on Semiconductor
US5380341090,Live Nation Entertainment
GB0008706128,Lloyds Banking Group
CA5394811015,Loblaw Companies
BRRENTACNOR4,Localiza&Co
US5398301094,Lockheed Martin
INE670K01029,Lodha
US5404241086,Loews Corporation
CH0025751329,Logitech
KYG5635P1090,Longfor
CH0013841017,Lonza
BE0003604155,Lotus Bakeries
DE0008232125,Lufthansa Group
CA5503711080,Lundin Gold
CA5503721063,Lundin Mining
INE326A01037,Lupin
CNE000000GF2,Luzhou Laojiao
CNE100001V60,M&G Stationery
GB00BKFB1C65,M&G plc
US55261F1049,M&T Bank
JP3435750009,M3 Corporation
US59522J1034,MAA
DK0010244508,MAERSK
US5745991068,MASCO UK Window Group
CNE000000HP9,MEIHUA
MYL3816OO005,MISC
HK1208013172,MMG Management Consulting
HU0000153937,MOL Group
CZ0008040318,MONETA Money Bank
MYL5296OO008,MR. DIY
INE883A01011,MRF Tyres
JP3890310000,MS&AD Insurance Group Holdings
ZAE000042164,MTN Group (South Africa)
HK0066009694,MTR
DE000A0D9PT0,MTU Aero Engines
KW0EQ0400725,Mabanee
AU000000MQG1,Macquarie Technology Group
CA5592224011,Magna International
INE101A01026,Mahindra and Mahindra
JP3862400003,Makita
INE634S01028,Mankind Pharma
CA56501R1064,Manulife
US56585A1025,Marathon Petroleum
INE196A01026,Marico Limited
US5705351048,Markel
GB0031274896,Marks & Spencer
US5719032022,Marriott International
US5732841060,Martin Marietta Materials
JP3143600009,Marubeni-Itochu Steel
JP3877600001,Marubeni-Itochu Steel
INE585B01010,Maruti Suzuki
US5738741041,Marvell Technology
QA000A0M8VM3,Masraf Al Rayan
US57636Q1040,Mastercard
INE027H01010,Max Healthcare
MYL6012OO008,Maxis
MYL1155OO000,Maybank
SA123GA0ITH7,Ma’aden
US5797802064,McCormick
US5801351017,McDonald's
TW0002454006,MediaTek
AU000000MPL3,Medibank
IT0004776628,Mediolanum
IE00BTN1Y115,Medtronic
TW0002886009,Mega Financial
JP3918000005,Meiji
GB00BNGDN821,Melrose Industries
US58733R1023,Mercado Livre
DE0007100000,Mercedes-Benz International
US58933Y1055,Merck
DE0006599905,Merck KGaA
NZMELE0002S7,Meridian Energy
KR7138040001,Meritz
US30303M1027,Meta
INE111A01025,Metal Container Corporation
GRS393503008,Metlen Εnergy & Metals
CA59162N1096,Metro
PHY6028G1361,Metropolitan Bank and Trust
FI0009014575,Metso
US5926881054,Mettler-Toledo
CNE100000F46,Miami-Dade State Attorney's Office
FR001400AJ45,Michelin
TW0002377009,Micro-Star International
US5950171042,Microchip Computer Solutions
US5951121038,Micron Technology
CNE100001QQ5,Midea Group
US0970231058,"Millennium Space Systems, A Boeing Company"
PEP612001003,Minas Buenaventura
JP3906000009,MinebeaMitsumi
KYG6180F1081,Miniso
SA13L050IE10,Ministry of Health Kingdom of Saudi Arabia
TH0128B10Z09,Minor International
US4581401001,Mintel
KR7006800007,Mirae Asset Securities
JP3902400005,Mitsubishi
JP3897700005,Mitsubishi
JP3898400001,Mitsubishi
JP3899600005,Mitsubishi Estate
JP3499800005,Mitsubishi HC Capital
KR7011790003,Mitsui Chemicals and SKC Polyurethanes
JP3893600001,Mitsui Fudosan
JP3893200000,Mitsui Fudosan
JP3362700001,Mitsui O.S.K. Lines
IL0006954379,Mizrahi Tefahot
JP3885780001,Mizuho Financial Group
US60871R2094,Molson Coors Beverage Company
IT0004965148,Moncler
US6092071058,Mondelēz International
GB00BMWC6P49,Mondi Group
US60937P1066,MongoDB
US6098391054,Monolithic Power Systems
US61174X1090,Monster Energy
CNE100003MN7,Montage Technology
US6174464486,Morgan Stanley
SA12C051UH11,Mouwasat Medical Services
NO0003054108,Mowi
INE356A01018,Mphasis
DE0008430026,Munich Re
JP3914400001,Murata Manufacturing
INE414G01012,Muthoot Finance
AU000000NAB4,NAB - National Australia Bank
CNE000001G38,NARI Technology
CNE100000ML7,NAURA
JP3733000008,NEC Corporation
JP3758190007,NEXON
GB0032089863,NEXT
KR7005940002,NH Investment & Securities
INE848E01016,NHPC
CNE000001J84,NHU
IL0002730112,NICE Actimize
KYG6525F1028,NIO
INE584A01023,NMDC
NL0010773842,NN Group
US6293775085,NRG Energy
INE733E01010,NTPC BHEL Power Projects
JP3165700000,NTT DATA
JP3735400008,NTT DoCoMo
US67066G1040,NVIDIA
US62944T1051,NVR
NL0009538784,NXP Semiconductors
SA15HG521213,Nahdi Medical Company
CNE000000PC0,Nan
US90459E1064,Nan Shan Life Insurance
US47030M1062,Nan Shan Life Insurance
GRS015003007,Nan Shan Life Insurance
BRNTCOACNOR5,Nan Shan Life Insurance
TW0001303006,Nan Ya Plastics
CNE1000031R9,Nanjing Securities
US6311031081,Nasdaq
ZAE000325783,Naspers
GB00BM8PJY71,NatWest Group
US6323071042,Natera
GRS003003035,National Bank of Greece
GB00BDR05C01,National Grid ESO
KR7035420009,Naver
ZAE000004875,Nedbank
DE0006452907,Nemetschek Group
FI0009013296,Neste
INE239A01024,Nestlé
CH0038863350,Nestlé
US64110D1046,NetApp
KYG6427A1022,NetEase Games
US64110L1061,Netflix
US64125C1099,Neurocrine Biosciences
CNE1000019Y0,New China Life
CNE000000VB0,New Hope Liuhe
KYG6470A1168,New Oriental
US6516391066,Newmont
US65249B1098,News Corp
IT0005366767,Nexi Group
US65339F1012,"NextEra Energy, Inc."
US65473P1057,NiSource
SE0015988019,Nibe Industrier
JP3734800000,Nidec
TW0008464009,Nien Made Enterprise
US6541061031,Nike Consultants
CNE1000007W9,Ninestar (China)
CNE1000052S3,Ningbo Deye Inverter Technology
CNE100001567,Ningbo Sanxing Smart Electric
JP3756600007,Nintendo
JP3749400002,Nippon Paint
JP3381000003,Nippon Steel
JP3675600005,Nissin Foods
JP3756100008,Nitori Holdings
JP3684000007,Nitto Denko
FI0009000681,Nokia
JP3762600009,Nomura Holdings
JP3762800005,Nomura Research Institute
CNE100004272,Nongfu Spring
FI4000297767,Nordea Bank
US6556631025,Nordson
US6558441084,Norfolk Southern
NO0005052605,Norsk Hydro
US6658591044,Northern Education Trust
AU000000NST8,Northern Star Resources
US6668071029,Northrop Grumman Federal Credit Union
CH0012005267,Novartis
TW0003034005,Novatek Microelectronics
DK0062498333,Novo Nordisk Fonden
DK0060336014,Novozymes
KYG6683N1034,Nu Republic
US6703461052,Nucor
US67059N1081,Nutanix
DK0010181759,Ny Carlsberg Glyptotek
US67103H1077,O'Reilly Auto Parts
CNE100000S33,O-film
SG1S04926220,OCBC
JP3197800000,OMRON Corporation
AT0000743059,OMV
US6826801036,ONEOK
JP3197600004,ONO PHARMACEUTICAL
JP3200450009,ORIX
HU0000061726,OTP Bank
JP3190000004,Obayashi
INE093I01010,Oberoi Realty
US6745991058,Occidental Petroleum
INE274J01014,Oil India
INE213A01029,Oil and Natural Gas
US6792951054,Okta
US6795801009,Old Dominion Freight
ZAE000255360,Old Mutual
JP3201200007,Olympus Corporation
US6819191064,Omnicom Public Relations Group
US87612E1064,On Target IT
CA6837151068,OpenText
CNE100002RB3,Oppein
INE881D01027,Oracle
JP3689500001,Oracle
US68389X1054,Oracle Customer Management Solutions
FR0000133308,Orange
BMG677491539,Orient Overseas
CNE100001ZV6,Orient Securities (China)
JP3198900007,Oriental Land
AU000000ORG5,Origin Energy
FI0009014377,Orion Pharma (FI)
KR7271560005,Orion RED
NO0003733800,Orkla
JP3180400008,Osaka Gas
JP3188220002,Otsuka Holdings
JP3188200004,Otsuka Shokai IT
ZAE000314084,Outsurance
US6907421019,Owens Corning
US7223041028,PDD
US69331C1080,PGE Polska Grupa Energetyczna
INE603J01030,PI Industries
PLPKN0000018,PKN ORLEN
PLPKO0000016,PKO Bank Polski
PHY7072Q1032,PLDT Subictel
US59156R1086,PNB MetLife
US6934751057,PNC Financial Services Group
KYG7170M1033,POP MART
KR7047050000,POSCO
KR7005490008,POSCO
KR7003670007,POSCO
MYL4065OO008,PPB Group
GRS434003000,PPC (Public Power Corporation)
US6935061076,PPG
US69351T1060,PPL
US69370C1009,PTC Software
THA099010003,PTT
TH0646010Z00,PTTEP
TH0355A10Z04,PTTEP
PLPZU0000011,PZU Group
MX01GA000004,Pacific Airport Group
US9078181081,Pacific Union International
INE761H01022,Page Industries
US69608A1088,Palantir Technologies
US6974351057,Palo Alto Networks
CA6979001089,Pan American Silver
JP3639650005,Pan Pacific International Holdings
JP3866800000,Panasonic
DK0060252690,Pandora Jewelry
US7010941042,Parker Hannifin
US60855R1005,Passport Health Plan by Molina Healthcare
US70450Y1038,PayPal
US7043261079,Paychex
US70432V1026,Paycom
GB0006776081,Pearson Anderson
TW0004938006,Pegatron
CA7063271034,Pembina Pipeline Corp
IE00BLS09M33,Pentair
CNE100003F27,Peoples Insurance Company of China
ZAE000259479,Pepkor
FR0000120693,Pernod Ricard
INE262H01021,Persistent Systems
BRPETRACNOR9,Petrobras
CNE1000007Q1,Petrochina International
MYL6033OO004,Petronas
MYL5681OO001,Petronas
MYL5183OO008,Petronas
INE347G01014,Petronet LNG
MXP554091415,Peñoles
US7170811035,Pfizer Limited
TW0006446008,Pharmaessentia
CNE100003JW4,Pharmaron
US7181721090,Philip Morris International
NL0000009538,Philips
US7185461040,Phillips 66
GB00BGXQNP29,Phoenix Group
INE318A01026,Pidilite
CNE000000040,Ping An Bank
US72352L1061,Pinterest
CNE100005998,PioTech
GRS014003032,Piraeus Financial Holdings
INE455K01017,Polycab India Limited
US23345V1070,Porsche
US73328P1066,Porsche
CNE100003PZ4,Postal Savings Bank of China
IT0003796171,Poste Italiane
TW0009904003,Pou Chen
INE134E01011,Power Finance
INE752E01010,Power Grid Corporation of India
CA7392391016,Power of Canada
AU000000RIO1,Prefeitura de Rio Tinto
TW0002912003,President Chain Store
MYL8869OO009,Press Metal
INE811K01011,Prestige Group (Bangalore)
US91307C1027,Prime Therapeutics
US74251V1026,Principal
AU000000PME8,Pro Medicus
US7427181091,Procter & Gamble (España)
MXCFFI170008,Prolog (Mexico)
US74340W1036,Prolog Solutions
MX01PI000005,Promotora y Operadora de Infraestructura
CA0641491075,Province of Nova Scotia
GB0007099541,Prudential plc
US7443201022,Prudential plc
IT0004176001,Prysmian
MYL1295OO004,Public Bank
US74460D1090,Public Storage
FR0000130577,Publicis Groupe
US7458671010,PulteGroup
INE160A01022,Punjab National Bank
US74624M1027,Pure Storage
AU000000QBE9,QBE
NL0015002CX3,QIAGEN
MYL7084OO006,QL RESOURCES
AU000000QAN2,Qantas
QA0006929879,Qatar International Islamic Bank
QA0006929853,Qatar Islamic Bank
QA0006929895,Qatar National Bank
KYG8851G1001,Qifu Technology
US7475251036,Qualcomm Furniture
TW0002382009,Quanta Computer
US74762E1029,Quanta Services
CA7481932084,Quebecor
US74834L1008,Quest Diagnostics Health & Wellness
DE0007010803,RATIONAL
CA74935Q1072,RB Dwyer Group
AU000000REA9,REA Group
GB00B2B0DG97,RELX
MYL1066OO009,RHB Group
DK0063855168,ROCKWOOL Group
US75513E1010,RTX A/S (Denmark)
DE0007037129,RWE Supply & Trading
BRRADLACNOR0,Raia Drogasil
INE415G01027,Rail Vikas Nigam
SA12A0540J14,Rajhi Steel
JP3967200001,Rakuten Group
NL0000379121,Randstad
CNE100002RZ2,Rational 360
US7547301090,Raymond James Financial
TW0002379005,RealTek Semiconductor Corp
GB00B24CGK77,Reckitt
JP3970300004,"Recruit Holdings, Co., Ltd."
US75734B1008,Reddit
BRRDORACNOR8,Rede D'Or
ES0173093024,Redeia
AU000000REH4,Reece
US7588491032,Regency Centers
US75886F1075,Regeneron
US7591EP1005,Regions Financial
US7595091023,Reliance
INE002A01018,Reliance Industries
FR0000131906,Renault Group
JP3164720009,Renesas
GB00B082RF11,Rentokil Initial
ES0173516115,Repsol
US7607591002,Republic Services
US7611521078,Resmed
JP3500610005,Resona
CA76131D1033,Restaurant Brands International
US7140461093,Revvity
FR0010451203,Rexel Group
DE0007030009,Rheinmetall
CH0210483332,Richemont
JP3973400009,Ricoh
GB0007188757,Rio Tinto
US76954A1034,Rivian
SA0007879048,Riyad Bank
INE323A01026,Robert Bosch India
US7707001027,Robinhood
CNE100003R80,Roborock
CH0012032048,Roche
US7739031091,Rockwell Automation
CA7751092007,Rogers Communications
US7757111049,Rollins College
GB00B63H8491,Rolls-Royce
CNE100000W60,Rongsheng Petrochemical
US7766961061,Roper Technologies
US7782961038,Ross Stores
LR0008862868,Royal Caribbean Group
CA7800871021,Royal College of Physicians and Surgeons of Canada
GB00BMVP7Y09,Royalty Pharma
TW0009945006,Ruentex Group
BRRAILACNOR9,Rumo
BMG4404N1149,Ruyi Holdings
IE00BYTBXV33,Ryanair
US6153691059,S M Resources Corporation
CNE1000002N9,S&H Building Material
US78409V1044,S&P Global
KR7010950004,S-Oil
BRSBSPACNOR5,SABESP
SA0007879121,SABIC
CNE000000TY6,SAIC Motor
SA15T1L22JH8,SAL Saudi Logistics Services
DE0007164600,SAP
TRASASAW91E4,SASA (Turkey)
US78410G1040,SBA
INE123W01016,SBI
INE018E01016,SBI Card
JP3436120004,SBI Holdings
SE0000112724,SCA
THA790010005,SCB X
JP3400400002,SCSK
MYL5285OO001,SD Guthrie
JP3421800008,SECOM (Japan)
GB00B5ZN1N88,SEGRO
CNE1000028B9,SERES
CNE100000L63,SF International
CNE100002NT4,SG Micro
JP3162770006,SG SPA
AU0000364754,SGH Building & Carpentry
CH1256740924,SGS
CNE100002FM5,SHAI
CH0435377954,SIG Group
SA000A0KFKK0,SIPCHEM
KR7034730002,SK
KR7096770003,SK GC Americas
KR7326030004,SK Group
KR7017670001,SK Telecom CS T1
KR7000660001,SK hynix
SE0000108227,SKF
PHY806761029,SM Investments
PHY8076N1120,SM Prime Holdings
JP3162600005,SMC
FR0000130809,SOCIETE GENERALE ASSURANCES
INE647A01010,SRF
US78467J1007,SS&C
GB0007908733,SSE
SG1F60858221,ST Engineering
IE00BFY8C754,STERIS
CNE100005D92,SUPCON Group
SE0021921269,Saab Group
TRASAHOL91Q5,Sabanci
FR0000073272,Safran Aircraft Engines
SE0005127818,Sagax
GB00B8C3BL03,Sage
CNE1000015F7,Sailun Group
GB00B019KW72,Sainsbury’s
FR0000125007,Saint-Gobain
NO0010310956,SalMar
FI4000552500,Sampo
US79589L1061,Samsara
KR7207940008,Samsung BioLogics
KR7009150004,Samsung Electro-Mechanics
KR7028260008,Samsung Electronics
KR7005930003,Samsung Electronics
KR7000810002,Samsung Fire & Marine Insurance
KR7010140002,Samsung Heavy Industries
KR7032830002,Samsung Life Insurance
KR7006400006,Samsung SDI
KR7018260000,Samsung SDS
INE775A01035,Samvardhana Motherson
KR7003230000,Samyang
CNE000000KB3,San'an Optoelectronics
CH1243598427,Sandoz
KYG7800X1079,Sands China
SE0000667891,Sandvik
ZAE000070660,SanlamAllianz
FR0000120578,Sanofi
JP3343200006,Sanrio
JP3429800000,Santa Ana Unified School District
CLP1506A1070,Santander
PLBZ00000044,Santander
AU000000STO6,Santos
CNE000001F70,Sany Heavy Industry
US4595061015,Sapphire Flavors & Fragrances
CA8029121057,Saputo
FR0013154002,Sartorius
ZAE000006896,Sasol
CNE100001B07,Satellite Petrochemical
SA14TG012N13,Saudi Aramco
SA0007879089,Saudi Awwal Bank
SA000A0JK5M3,Saudi Binladin
SA0007879550,Saudi Electricity Company
SA000A0B89Q3,Saudi Industrial Property Authority
SA0007879063,Saudi Investment Bank
SA000A0MQCJ2,Saudi Kayan
SA0007879543,Saudi Telecom
AU000000SCG8,Scentre Group
CH0024638196,Schindler
AN8068571086,Schlumberger (Germany)
FR0000121972,Schneider Electric
GB00BP9LHF23,Schroders
DE000A12DM80,Scout24 SE
US81141R1005,Sea Consortium
IE00BKVD2N49,Seagate Technology
SE0000163594,Securitas
JP3419400001,Sekisui Chemical
JP3420600003,Sekisui House
SG1R50925390,SembCorp
US8168511090,Sempra
US81762P1021,ServiceNow
JP3422950000,Seven & I
GB00B1FH8J72,Severn Trent
CNE000000V89,Shanghai Airport
CNE100000D55,Shanghai Electric
CNE000000C82,Shanghai Pharmaceuticals Holding
CNE0000011B7,Shanghai Pudong Development Bank
CNE100004QD7,Shanghai Rural Commercial Bank
GB00BP6MXD84,Shell
CNE0000005Q7,Shenergy Group
CNE100003373,Shennan Circuits
CNE100002FD4,Shenwan Hongyuan
CNE100003T39,Shenzhen New Industries Biomedical Engineering
KYG8087W1015,Shenzhou International Group Holdings
US8243481061,Sherwin-Williams
JP3357200009,Shimadzu
JP3358000002,Shimano
TW0002888005,Shin Kong
JP3371200001,Shin-Etsu Chemical
KR7055550008,Shinhan Financial Group
JP3347200002,Shionogi & Co.
JP3351600006,Shiseido
INE070A01015,Shree Cement
INE721A01047,Shriram Transport Finance
TH0003010Z04,Siam City Cement
CNE000001DQ4,Sichuan Road & Bridge (Group)
DE000ENER6Y0,Siemens Energy
DE0007236101,Siemens Energy
INE003A01024,Siemens Gamesa
DE000SHL1006,Siemens Healthineers
CNE000001KM8,Sieyuan Electric
AU000000SIG5,Sigma Healthcare
CH0418792922,Sika Schweiz
CNE000001DN1,Silan
KYG8190F1028,Silergy Corp
MYL4197OO009,Sime Darby
US8288061091,Simon Property Group
SG1V61937297,Singapore Airlines
SG1J26887955,Singapore Mercantile Exchange
SG1T75931496,Singtel
KYG8167W1380,Sino Biopharmaceutical
HK0083000502,Sino Land
TW0002890001,SinoPac
CNE000000SV4,Sinolink Securities
CNE100000FN7,Sinopharm Group
HK3808041546,Sinotruk International
TRASISEW91Q3,Sisecam
KYG8187G1055,Sitc
SE0000113250,Skanska
IE0002424939,Smart DCC
GB0009223206,Smith+Nephew
GB00B1WY2338,Smiths Group
KYG8245V1023,Smoore
IE00028FXN24,Smurfit Westrock
IT0003153415,Snam
US83304A1060,Snap
US8330341012,Snap
US8334451098,Snowflake Unified School District
FR0000121220,Sodexo Live
BE0003717312,Sofina
JP3436100006,SoftBank
JP3732000009,SoftBank Robotics
INE343H01029,Solar Industries India
US83444M1018,Solventum
JP3165000005,Sompo Holdings
AU000000SHL7,Sonic Healthcare
CH0012549785,Sonova
US98419M1009,"Sontek, Xylem brand "
JP3435000009,Sony
CNE1000019P8,Soochow Securities
AU000000S320,South32
US8425871071,Southern California Edison
US84265V1052,Southern Copper
CNE0000016P6,Southwest Securities
GB00BWFGQN14,Spirax Sarco
LU1778762911,Spotify
CNE100001V45,Spring Airlines
ZAE000109815,Standard Bank Group
GB0004082847,Standard Chartered Bank
CA85472N1096,Stantec
US8552441094,Starbucks
INE062A01020,State Bank of India
US8574771031,State Street Brats
US8581191009,Steel Dynamics
NL00150001Q9,Stellantis
AU000000SGP0,Stockland
FI0009005961,Stora Enso
US5949724083,Strategy Plus
CH1175448666,Straumann Group
US8636671013,Stryker
JP3892100003,SuMi Trust
JP3814800003,Subaru Corporation
JP3404600003,Sumitomo Corporation
JP3407400005,Sumitomo Electric Group
JP3890350006,Sumitomo Mitsui Financial Group
JP3409000001,Sumitomo Realty & Development
US8666741041,Sun Communities
HK0016000132,Sun Hung Kai Properties
CA8667961053,Sun Life
INE044A01036,"Sun Pharmaceutical Industries, Inc."
CA8672241079,Suncor
AU000000SUN6,Suncorp Group
INE660A01013,Sundaram Finance
CNE1000018M7,Sungrow
KYG8586D1097,Sunny Optical Technology (Group)
JP3336560002,Suntory Group
US7134481081,Suntory PepsiCo Vietnam Beverage
MYL5211OO007,Sunway Resort Hotel & Spa
CNE100001260,Sunwoda Electronic
US86800U3023,"Super Micro Computer, Inc. (Supermicro)"
INE195A01028,Supreme
BRSUZBACNOR0,Suzano
IN9040H01011,Suzlon Group
JP3397200001,Suzuki Motor
SE0007100599,Svenska Handelsbanken
CH0012255151,Swatch Group
SE0000242455,Swedbank
HK0019000162,Swire Pacific
CH0014852781,Swiss Life
CH0008038389,Swiss Prime Site
CH0126881561,Swiss Re
CH0008742519,Swisscom
BE0974464977,Syensqo
DE000SYM9999,Symrise
US87165B1035,Synchrony
TW0002347002,Synnex Technology International
US8718291078,Sysco
JP3351100007,Sysmex
JP3539220008,T D Newton & Associates
US8725901040,T-Mobile
US74144T1088,T. Rowe Price
US8740801043,TAL Education Group
INE670A01012,TATA ELXSI
CA87807B1076,TC Energy
CNE000001GL8,TCL
JP3538800008,TDK Corporation
IE000IVNQZ81,TE Connectivity
CA87971M1032,TELUS Spark
NL0000235190,"TESTIA, an Airbus Company"
CA87241L1094,TFI International
US14040H1059,TH March
BRTIMSACNOR5,TIM
JP3104890003,TIS
US8725401090,TJX Canada
TH0068010Z07,TMBThanachart Bank Public
CA87262K1057,TMX Group
BRTOTSACNOR8,TOTVS
FR0000051807,TP
CNE100003P74,TRANSSION Holdings
TW0002330008,TSMC
INE494B01023,TVS Motor Company
SA15DHKGHBH4,Tadāwul
JP3443600006,Taisei
TW0002834009,Taiwan Business Bank
TW0001101004,Taiwan Cement Corp
TW0002633005,Taiwan High Speed Rail
TW0003045001,Taiwan Mobile
JP3711600001,Taiyo Nippon Sanso
US8740541094,Take-Two
JP3463000004,Takeda Pharmaceuticals
EGS691S1C011,Talaat Mostafa Group
DE000TLX1005,Talanx
US87612G1013,Targa
INE151A01013,Tata Communications
INE467B01029,Tata Consultancy Services
INE192A01025,Tata Consumer Products
INE298A01020,Tata Cummins
INE155A01022,Tata Motors
INE245A01021,Tata Power
INE081A01020,Tata Steel
CNE000000RB8,Tbea Energy
INE669C01036,Tech Mahindra
HK0669013440,Techtronic Industries
CA8787423034,Teck Resources Limited
SE0005190238,Tele2
IT0003497168,Telecom Italia Media
US8793601050,Teledyne Technologies
ES0178430E18,Telefónica
MYL4863OO006,Telekom Malaysia
NO0010063308,Telenor
KYG3165D1097,Telesure Investment Holdings
SE0000667925,Telia Company
ID1000129000,Telkom Indonesia
AU000000TLS2,Telstra
LU2598331598,Tenaris Bay City
KYG875771134,Tencent Music Entertainment Group
KYG875721634,Tencent WeStart (Hong Kong)
US8807701029,Teradyne Infotech
US14149Y1082,Terence Cardinal Cooke Health Care Center
JP3546800008,Terumo Medical do Brasil
GB00BLGZ9862,Tesco Mobile
US88160R1014,Tesla Industries
IL0006290147,Teva Pharmaceuticals
US8825081040,Texas Instruments
US88262P1021,Texas Pacific Land Trust
US8832031012,Textron GSE
FR0000121329,Thales Alenia Space
CNE100000627,The Bank of Nanjing
US1344291091,The Campbell's Company
US14316J1088,The Carlyle Group
US1890541097,The Clorox Company
NL0000009165,The HEINEKEN Company
US4165151048,The Hartford
US4370761029,The Home Depot
INE053A01029,The Indian Hotels
AU0000219529,The Lottery Corporation
INE211B01039,The Phoenix Mills
US73278L1052,The Pool
TW0005876007,The Shanghai Commercial & Savings Bank
ZAE000012084,The Shoprite Group of Companies (South Africa)
US88339J1051,The Trade Desk
US2546871060,The Walt Disney School
US9418481035,The Waters
INE152A01029,Thermax
US8835561023,Thermo Fisher Scientific
CA8849038085,Thomson Reuters
CNE100003F43,Tianfeng Securities
CNE100000T32,Tianqi Lithium
CNE100001KV8,Tigermed
INE280A01028,Titan Company
US8887871080,Toast Inc
JP3598600009,Toho
JP3910660004,Tokio Marine Holdings
JP3571400005,Tokyo Electron
JP3573000001,Tokyo Gas
JP3583900000,Tokyo Metro
JP3574200006,Tokyu Construction
KYG8918W1069,Tongcheng Travel
CNE1000006C3,Tongfu Microelectronics
CNE000001GS3,Tongwei Group
JP3621000003,Toray
CA8911021050,Toromont
INE685A01028,Torrent Pharmaceuticals
INE813H01021,Torrent Power
FR0000120271,TotalEnergies
CA89156V1067,Tourmaline Oil
US03027X1000,Tower Hamlets Council
HK0003000038,Towngas
JP3634600005,Toyota Industries Corporation
JP3633400001,Toyota Motor Corporation
JP3635000007,Toyota Tsusho
US8923561067,Tractor Supply Distribution  
US8926721064,Tradeweb
IE00BK9ZQ967,Trane Technologies
US8936411003,TransDigm
AU000000TCL6,Transurban
CNE1000004J3,TravelSky Technology
US89417E1091,Travelers
SE0000114837,Trelleborg
JP3637300009,Trend Micro Inc.
INE849A01020,Trent
US8962391004,Trimble Dental
CNE100003ZR0,Trinasolar
US5717481023,"Trion Group, a Marsh & McLennan Agency"
KYG9066F1019,Trip.com Group
US6951561090,Trivium Packaging
THB231010000,True Corporation
US89832Q1094,Truist
DK0060636678,Tryg
CNE0000009Y3,Tsingtao
INE974X01010,Tube Investments of India
CNE1000023J3,Tuopu
TRATCELL91M1,Turkcell
TRATUPRS91E8,Turkish Petroleum Refineries
US90138F1021,Twilio
US9022521051,Tyler Technologies
US9024941034,Tyson Foods
CH0244767585,UBS
CNE000000Q11,UBS SDIC Fund Management
BE0003739530,UCB
US9026531049,UDR
FI0009005987,UPM-Kymmene
US9029733048,US Bancorp Fund Services
US90353T1007,Uber Carshare
US90384S3031,Ulta Beauty
INE481G01011,UltraTech Cement
IT0005239360,UniCredit Group
JP3951600000,Unicharm
GB00B10RZP78,Unilever
TW0003037008,Unimicron Technology
INE692A01016,Union Bank of India
IT0004810054,Unipol Gruppo
CNE100005PN5,United Imaging Healthcare (Shanghai)
TW0002303005,United Microelectronics
SG1M31001969,United Overseas Bank
US9113631090,United Rentals
INE854D01024,United Spirits
ID1000058407,United Tractors
GB00B39J2M42,United Utilities
US91324P1021,UnitedHealth Group
US9139031002,"Universal Health Services, Inc."
NL0015000IY2,Universal Music Group (Brazil)
MYL5347OO009,Universiti Tenaga Nasional
US46284V1017,VA Iron Mountain Healthcare System
CH0311864901,VAT Group
US9256521090,VICI Properties
BRVALEACNOR0,Vale
US91913Y1001,Valero
INE200M01039,Varun Beverages
INE205A01025,Vedanta Foundation
US9224751084,Veeva Systems
US92276F1003,"Ventas, Inc."
FR0000124141,Veolia
US92338C1036,Veralto
AT0000746409,Verbund
US92343E1029,Verisign
US92345Y1064,Verisk
US92343V1044,Verizon
US92532F1003,Vertex Pharmaceuticals
JP3494600004,Vertical Screen
US92537N1081,Vertiv
DK0061539921,Vestas Wind Systems
BRVBBRACNOR1,Vibra Energia
AU000000VCX7,Vicinity Centres
FR0000125486,Vinci
US92763W1036,Vipshop US Inc.
US92826C8394,Visa Inc.
US92840M1027,Vistra Energy
BRVIVTACNOR0,Vivo (Telefônica Brasil)
ZAE000132577,Vodacom Group
GB00BH4HKS39,Vodafone
INE669E01016,Vodafone Idea
DE0007664005,Volkswagen Group
INE226A01021,Voltas
TW0006409006,Voltronic Power
SE0000115446,Volvo Cars
DE000A1ML7J1,Vonovia
US9291601097,Vulcan Materials
US92936U1097,W. P. Carey
US0844231029,W. R. Berkley
US92939U1060,WEC Energy Group
BRWEGEACNOR0,WEG
KYG960071028,WH Group
TW0003702007,WPG Holdings
JE00B8KF9B49,WPP
CA92938W2022,WSP
US9297401088,Wabtec
MX01WA000038,Walmart
US9311421039,Walmart Connect
TW0002615002,Wan Hai Lines
CNE0000016J9,Wanhua Chemical Group
KYG9431R1039,Want Want
US9344231041,Warner Bros. Discovery
AU000000SOL3,Washington H. Soul Pattinson
CA94106B1013,Waste Connections of Canada
US9426222009,Watsco Electronics
CNE1000000D4,Weichai Power
US9497461015,Wells Fargo
US95040Q1040,Welltower
AU000000WES1,Wesfarmers
CA9528451052,West Fraser Timber
JP3659000008,West Japan Railway
US9553061055,West Pharmaceutical Services
US9581021055,Western Digital
CNE100001D96,Western Security
AU000000WBC1,Westpac Group
US9621661043,Weyerhaeuser
HK0004000045,Wharf
CA9628791027,Wheaton Precious Metals
GB00B1KJJ408,Whitbread
CA96467A2002,Whitecap Resources
IE00BDB6Q211,Will County
US9694571004,Williams
US9699041011,"Williams-Sonoma, Inc."
SG1T56930848,Wilmar Consultancy Services
CNE000000WD4,WinTime spa
CNE000000M72,Wingtech
INE075A01022,Wipro
GB00BL9YR756,Wise
AU000000WTC3,WiseTech Global
TW0003231007,Wistron Information Technology & Services
TW0006669005,Wiwynn
IL0011301780,Wix
NL0000395903,Wolters Kluwer
AU0000224040,Woodside Energy
ZAE000063863,Woolworths Group
AU000000WOW2,Woolworths Group
KR7316140003,Woori
US98138H1014,Workday
AU000000CAR3,World Car Auto Group
CNE1000031K4,WuXi AppTec
KYG970081173,WuXi Biologics
FI0009003727,Wärtsilä
CNE000000FH0,XCMG
KYG982391099,XP Inc.
US0268747849,XP Inc.
US98389B1008,Xcel Energy
NZXROE0001S2,Xero Solar
CNE000000WL7,Xiamen C&D
CNE000001D15,Xiamen Tungsten
KYG9830T1067,Xiaomi
KYG9829N1025,Xinyi Solar Holdings
KYG982AW1003,Xpeng Motors
MYL4677OO000,YTL Corporation Berhad
MYL6742OO000,YTL Power International
CNE0000012J8,YTO Express Group
KYG9830F1063,Yadea Technology Group
TW0002327004,Yageo
JP3931600005,Yakult Honsha
JP3942800008,Yamaha
TW0002609005,Yang Ming
SG1U76934819,Yangzijiang Shipbuilding Group
CNE000000WV6,Yankuang
SA000A0HNF36,Yansab
TRAYKBNK91N6,Yapi Kredi
NO0010208051,Yara
CNE100002PC5,Yealink
INE528G01035,Yes Bank
CNE1000048D3,Yihai Kerry Arawana Holdings
CNE000000JP5,Yili Group
LU2290522684,Yodel by InPost
JP3955000009,Yokogawa
CNE100000XX9,Yonghui Superstores
CNE0000017Y6,Yongyou
KR7000100008,Yuhan
US98850P1093,Yum China Holdings
US9884981013,Yum! Brands
CNE0000008X7,Yunnan Baiyao Group
CNE000000PY4,Yutong Group
JP3399310006,ZOZO
CNE000000TK5,ZTE
KW0EQ0601058,Zain
DE000ZAL1111,Zalon by Zalando
SA0007879659,ZamZam Grand Suites Makkah
US9892071054,Zebra
JP3429300001,Zensho Holdings
CNE100000BJ4,Zhejiang Dahua Technology
CNE100001DJ8,Zhejiang Jingsheng Mechanical & Electrical
CNE100001SP3,Zhejiang and Zhejiang Electric Power Corporation
KYG989221000,Zhen Ding Tech. Group
CNE100002R65,Zheshang Securities
CNE100000V20,Zhi Fei Biological
KYG9894K1085,Zhongsheng Holding Group
CNE100004900,Zhongtai Securities
CNE100000B24,Zijin Mining
US98954M2008,Zillow
US98956P1021,Zimmer Biomet
US98980L1017,Zoom Communications
CNE000001527,Zoomlion
US98980G1022,Zscaler
CH0011075394,Zurich Insurance
ES0113900J37,Zurich Santander Insurance America
INE010B01027,Zydus Lifesciences
DE000A1EWWW0,adidas
NL0010832176,argenx
FR0013280286,bioMérieux
GB0007980591,bp
CH1216478797,dsm-firmenich
US2786421030,eBay
TW0003529004,eMemory Technology
US0758871091,embecta
CA45075E1043,iA Groupe financier
CNE100000B81,iFLYTEK
US5500211090,lululemon
PLBRE0000012,mBank
IL0011762130,monday.com
INE628A01036,upl Enviromental Engineers
DK0060094928,Ørsted
ISIN1000000000,Tecolote Research
ISIN1000000001,University of Maryland Medical System
ISIN1000000002,KnowBe4
ISIN1000000003,PNNL
ISIN1000000004,Affinity Solutions
ISIN1000000005,CyrusOne
ISIN1000000006,ClearOne Advantage
ISIN1000000007,Logic20/20
ISIN1000000008,Rochester Regional Health
ISIN1000000009,<intent>
ISIN1000000010,Wish
ISIN1000000011,ManTech
ISIN1000000012,Yesler
ISIN1000000013,Audible
ISIN1000000014,Blueprint Medicines
ISIN1000000015,h2o.ai
ISIN1000000016,Nuna
ISIN1000000017,Pinnacol Assurance
ISIN1000000018,Porch
ISIN1000000019,Health IQ
ISIN1000000020,Truckstop.com
ISIN1000000021,SMC 3
ISIN1000000022,Novetta
ISIN1000000023,Pfizer
ISIN1000000024,First Tech Federal Credit Union
ISIN1000000025,The Hanover Insurance Group
ISIN1000000026,Amrock
ISIN1000000027,New England Biolabs
ISIN1000000028,Clarity Insights
ISIN1000000029,Esri
ISIN1000000030,Systems & Technology Research
ISIN1000000031,Lancer Insurance
ISIN1000000032,Sauce Labs
ISIN1000000033,Persivia
ISIN1000000034,Edgewell Personal Care
ISIN1000000035,BPA Services
ISIN1000000036,Intrado
ISIN1000000037,Centauri
ISIN1000000038,Caterpillar
ISIN1000000039,Zimmerman Advertising
ISIN1000000040,Liberty Mutual Insurance
ISIN1000000041,"Torch Technologies, Inc."
ISIN1000000042,Northrop Grumman
ISIN1000000043,Netskope
ISIN1000000044,1904labs
ISIN1000000045,The David J. Joseph Company
ISIN1000000046,USEReady
ISIN1000000047,Bill.com
ISIN1000000048,Pacific Northwest National Laboratory
ISIN1000000049,DICK'S Sporting Goods - Corporate
ISIN1000000050,Berg Health
ISIN1000000051,Oversight Systems
ISIN1000000052,C Space
ISIN1000000053,"Numeric, LLC"
ISIN1000000054,HP Inc.
ISIN1000000055,SpringML
ISIN1000000056,EAG Laboratories
ISIN1000000057,The Buffalo Group
ISIN1000000058,Carmeuse
ISIN1000000059,GNS Healthcare
ISIN1000000060,Peraton
ISIN1000000061,Pactera
ISIN1000000062,Nurx
ISIN1000000063,webfx.com
ISIN1000000064,Johns Hopkins University Applied Physics Laboratory
ISIN1000000065,Productive Edge
ISIN1000000066,Excella Consulting
ISIN1000000067,Gensco
ISIN1000000068,goTRG
ISIN1000000069,NMR Consulting
ISIN1000000070,iSeatz
ISIN1000000071,Nektar Therapeutics
ISIN1000000072,TransUnion
ISIN1000000073,IT Concepts
ISIN1000000074,Scientific Research Corporation
ISIN1000000075,General Dynamics Information Technology
ISIN1000000076,MITRE
ISIN1000000077,DentaQuest
ISIN1000000078,Redjack
ISIN1000000079,7Park Data
ISIN1000000080,Rapid Response Monitoring
ISIN1000000081,Trilogy Ed
ISIN1000000082,Gallup
ISIN1000000083,CapTech
ISIN1000000084,American Axle & Manufacturing
ISIN1000000085,CentralReach
ISIN1000000086,Integrate
ISIN1000000087,Boys Town Hospital
ISIN1000000088,Demandbase
ISIN1000000089,Sapphire Digital
ISIN1000000090,Formation
ISIN1000000091,Autodesk
ISIN1000000092,Beck's Hybrids
ISIN1000000093,DrFirst
ISIN1000000094,Object Partners
ISIN1000000095,L.A. Care Health Plan
ISIN1000000096,Red Ventures
ISIN1000000097,Quick Base
ISIN1000000098,The E.W. Scripps Company
ISIN1000000099,Upside Business Travel
ISIN1000000100,Synagro
ISIN1000000101,Alliance Source Testing
ISIN1000000102,Accuride International
ISIN1000000103,Full Potential Solutions
ISIN1000000104,Maven Wave Partners
ISIN1000000105,"First Command Financial Services, Inc."
ISIN1000000106,Pharmavite
ISIN1000000107,Stratagem Group
ISIN1000000108,PA Consulting
ISIN1000000109,Gridiron IT
ISIN1000000110,Evolve Vacation Rental
ISIN1000000111,The Church of Jesus Christ of Latter-day Saints
ISIN1000000112,Maximus Real Estate Partners
ISIN1000000113,Software Engineering Institute
ISIN1000000114,AVANADE
ISIN1000000115,PatientPoint
ISIN1000000116,BlueCross BlueShield of Tennessee
ISIN1000000117,KSM Consulting
ISIN1000000118,Cogo Labs
ISIN1000000119,MassMutual
ISIN1000000120,Genentech
ISIN1000000121,Legal & General America
ISIN1000000122,Sunovion
ISIN1000000123,National Student Clearinghouse
ISIN1000000124,Tower Health
ISIN1000000125,State of Wisconsin Investment Board
ISIN1000000126,Rubius Therapeutics
ISIN1000000127,OneMagnify
ISIN1000000128,IZEA
ISIN1000000129,Vionic Group
ISIN1000000130,Dodge Data & Analytics
ISIN1000000131,Plymouth Rock Assurance
ISIN1000000132,CA-One Tech Cloud
ISIN1000000133,Beebe Healthcare
ISIN1000000134,Argo Group US
ISIN1000000135,Associated Electric Cooperative
ISIN1000000136,PennyMac
ISIN1000000137,Zest AI
ISIN1000000138,DECISIVE ANALYTICS Corporation
ISIN1000000139,Karyopharm Therapeutics Inc.
ISIN1000000140,Tempus Labs
ISIN1000000141,Recursion Pharmaceuticals
ISIN1000000142,P2 Energy Solutions
ISIN1000000143,ClearEdge
ISIN1000000144,Tapjoy
ISIN1000000145,Credit Sesame
ISIN1000000146,San Manuel Casino
ISIN1000000147,Texas Health Huguley Hospital
ISIN1000000148,Teasdale Latin Foods
ISIN1000000149,Central California Alliance for Health
ISIN1000000150,Pilot Flying J Travel Centers LLC
ISIN1000000151,Palermo's Pizza
ISIN1000000152,Advanced BioScience Laboratories
ISIN1000000153,Echo Global Logistics
ISIN1000000154,Acuity Insurance
ISIN1000000155,Fareportal
ISIN1000000156,"Veterans Affairs, Veterans Health Administration"
ISIN1000000157,Credera
ISIN1000000158,Spectrum Communications and Consulting
ISIN1000000159,NCSOFT
ISIN1000000160,"Dayton Freight Lines, Inc."
ISIN1000000161,Community Action Partnership of San Luis Obispo
ISIN1000000162,TrueAccord
ISIN1000000163,DRB Systems
ISIN1000000164,Corcentric
ISIN1000000165,U.Group
ISIN1000000166,Systems Evolution Inc.
ISIN1000000167,Eventbrite
ISIN1000000168,Centro
ISIN1000000169,comScore
ISIN1000000170,SullivanCotter
ISIN1000000171,NPD
ISIN1000000172,Bakery Agency
ISIN1000000173,Blue Cross & Blue Shield of Rhode Island
ISIN1000000174,Boys Town
ISIN1000000175,The HSC Health Care System
ISIN1000000176,Pro-Sphere Tek
ISIN1000000177,Ameritas Life Insurance Corp
ISIN1000000178,Genworth
ISIN1000000179,Trace Data
ISIN1000000180,Clearwater Analytics
ISIN1000000181,"Tekvalley, Corp."
ISIN1000000182,BWX Technologies
ISIN1000000183,Vermeer
ISIN1000000184,L&T Infotech
ISIN1000000185,OceanFirst Financial
ISIN1000000186,Sotheby's
ISIN1000000187,Vanda Pharmaceuticals
ISIN1000000188,CK-12 Foundation
ISIN1000000189,Opinion Dynamics
ISIN1000000190,Applied Information Sciences
ISIN1000000191,WK Dickson
ISIN1000000192,Southwest Research Institute
ISIN1000000193,Muso
ISIN1000000194,The Integer Group
ISIN1000000195,Samba TV
ISIN1000000196,SV Microwave
ISIN1000000197,Sumo Logic
ISIN1000000198,EAB
ISIN1000000199,Brighthouse Financial
ISIN1000000200,Citadel Federal Credit Union
ISIN1000000201,CALIBRE Systems
ISIN1000000202,Motorola Solutions
ISIN1000000203,Reynolds American
ISIN1000000204,Alignment Healthcare
ISIN1000000205,Cboe Global Markets
ISIN1000000206,Guidepoint
ISIN1000000207,Cerus Corporation
ISIN1000000208,Vail Health
ISIN1000000209,MathWorks
ISIN1000000210,MetroStar Systems
ISIN1000000211,Audentes Therapeutics
ISIN1000000212,National Interstate
ISIN1000000213,Moser Consulting
ISIN1000000214,Mcphail Associates
ISIN1000000215,Crown Bioscience
ISIN1000000216,HOVER
ISIN1000000217,Q2 Solutions
ISIN1000000218,Arbella Insurance
ISIN1000000219,Kronos Bio
ISIN1000000220,Associated Banc-Corp
ISIN1000000221,Genesys
ISIN1000000222,Moda Operandi
ISIN1000000223,QK
ISIN1000000224,Tivity Health
ISIN1000000225,BRMi
ISIN1000000226,Luminar Technologies
ISIN1000000227,"Emtec, Inc."
ISIN1000000228,Veterans United Home Loans
ISIN1000000229,Praetorian
ISIN1000000230,Agios Pharmaceuticals
ISIN1000000231,Glassdoor
ISIN1000000232,Assurant
ISIN1000000233,F&G
ISIN1000000234,GreatAmerica Financial Services
ISIN1000000235,Acceleron Pharma
ISIN1000000236,AmeriHealth Caritas
ISIN1000000237,Strategic Employment Partners
ISIN1000000238,Catholic Health Initiatives
ISIN1000000239,FLEETCOR
ISIN1000000240,Applied Research Laboratories
ISIN1000000241,Raytheon
ISIN1000000242,RTI International
ISIN1000000243,TRANZACT
ISIN1000000244,United BioSource
ISIN1000000245,Figure Eight
ISIN1000000246,Royce Geospatial
ISIN1000000247,Sage Intacct
ISIN1000000248,Scale AI
ISIN1000000249,Change Healthcare
ISIN1000000250,MZ
ISIN1000000251,HG Insights
ISIN1000000252,"1-800-FLOWERS.COM, Inc."
ISIN1000000253,CBS Interactive
ISIN1000000254,Samsung Research America
ISIN1000000255,Lorven Technologies Inc
ISIN1000000256,CareDx
ISIN1000000257,Serigor Inc.
ISIN1000000258,Beckman Coulter Diagnostics
ISIN1000000259,IHS Markit
ISIN1000000260,ALIN
ISIN1000000261,e-IT Professionals Corp.
ISIN1000000262,TechProjects
ISIN1000000263,Biz2Credit Inc
ISIN1000000264,PeoplesBank
ISIN1000000265,Capgemini
ISIN1000000266,GNY Insurance Companies
ISIN1000000267,"Conch Technologies, Inc"
ISIN1000000268,Medidata Solutions
ISIN1000000269,Quartet Health
ISIN1000000270,Success Academy Charter Schools
ISIN1000000271,AXION Healthcare Solutions
ISIN1000000272,ExecOnline
ISIN1000000273,Mteq
ISIN1000000274,Brillient
ISIN1000000275,Entefy
ISIN1000000276,Trace3
ISIN1000000277,Saama Technologies Inc
ISIN1000000278,Two Sigma
ISIN1000000279,Strategic Financial Solutions
ISIN1000000280,"Remedy BPCI Partners, LLC."
ISIN1000000281,The Climate Corporation
ISIN1000000282,Crossix Solutions
ISIN1000000283,Factual
ISIN1000000284,TriNet
ISIN1000000285,Signpost
ISIN1000000286,Equian LLC
ISIN1000000287,Information Builders
ISIN1000000288,Greenway Health
ISIN1000000289,Confluent
ISIN1000000290,Life360
ISIN1000000291,Riverside Research Institute
ISIN1000000292,Icon Health and Fitness
ISIN1000000293,Shipt
ISIN1000000294,Monte Rosa Therapeutics
ISIN1000000295,IntraEdge
ISIN1000000296,COUNTRY Financial
ISIN1000000297,Mentor Graphics
ISIN1000000298,Maxar Technologies
ISIN1000000299,ICW Group
ISIN1000000300,Exelixis
ISIN1000000301,Grand Rounds
ISIN1000000302,"SPINS, LLC"
ISIN1000000303,DTCC
ISIN1000000304,Carilion Clinic
ISIN1000000305,DoubleVerify
ISIN1000000306,Mitsubishi Electric Research Labs
ISIN1000000307,"Rodan and Fields, LLC"
ISIN1000000308,DESC
ISIN1000000309,Johns Hopkins Health Care
ISIN1000000310,Community Behavioral Health
ISIN1000000311,FORMA THERAPEUTICS
ISIN1000000312,Bridg
ISIN1000000313,Charter Spectrum
ISIN1000000314,CompQsoft
ISIN1000000315,Solugenix Corporation
ISIN1000000316,West Coast University
ISIN1000000317,SkySync
ISIN1000000318,"DatamanUSA, LLC"
ISIN1000000319,23andMe
ISIN1000000320,Fivestars
